[Licensing::Module] Trying to connect to existing licensing client channel...
Built from '6000.4/staging' branch; Version is '6000.4.0f1 (8cf496087c8f) revision 9237654'; Using compiler version '194234433'; Build Type 'Release'
OS: 'Windows 11  (10.0.26200) Core' Language: 'en' Physical Memory: 31830 MB
[Licensing::IpcConnector] Successfully connected to: "LicenseClient-slyca" at "2026-05-04T23:35:29.8629611Z"
BatchMode: 1, IsHumanControllingUs: 0, StartBugReporterOnCrash: 0, Is64bit: 1
System  architecture: x64
Process architecture: x64
Date: 2026-05-04T23:35:29Z

COMMAND LINE ARGUMENTS:
C:\Program Files\Unity\Hub\Editor\6000.4.0f1\Editor\Unity.exe
-adb2
-batchMode
-noUpm
-name
AssetImportWorker0
-projectPath
C:/Users/slyca/OneDrive/Documents/GitHub/119Game/119 Game
-logFile
Logs/AssetImportWorker0.log
-srvPort
64793
-licensingIpc
LicenseClient-slyca
-force-d3d12
-job-worker-count
3
-background-job-worker-count
8
-gc-helper-count
1
-name
AssetImport
Successfully changed project path to: C:/Users/slyca/OneDrive/Documents/GitHub/119Game/119 Game
C:/Users/slyca/OneDrive/Documents/GitHub/119Game/119 Game
[UnityMemory] Configuration Parameters - Can be set up in boot.config
    "memorysetup-temp-allocator-size-gi-baking-worker=262144"
    "memorysetup-temp-allocator-size-gi-baking-worker=262144"
    "memorysetup-temp-allocator-size-gi-baking-worker=262144"
    "memorysetup-temp-allocator-size-gi-baking-worker=262144"
    "memorysetup-temp-allocator-size-gi-baking-worker=262144"
    "memorysetup-temp-allocator-size-nav-mesh-worker=65536"
    "memorysetup-temp-allocator-size-audio-worker=65536"
    "memorysetup-temp-allocator-size-cloud-worker=32768"
    "memorysetup-temp-allocator-size-gfx=262144"
    "memorysetup-temp-allocator-size-preload-manager=33554432"
    "memorysetup-temp-allocator-size-job-worker=262144"
    "memorysetup-temp-allocator-size-background-worker=32768"
    "memorysetup-allocator-temp-initial-block-size-main=262144"
    "memorysetup-allocator-temp-initial-block-size-worker=262144"
    "memorysetup-bucket-allocator-granularity=16"
    "memorysetup-bucket-allocator-bucket-count=8"
    "memorysetup-bucket-allocator-block-size=33554432"
    "memorysetup-bucket-allocator-block-count=8"
    "memorysetup-main-allocator-block-size=16777216"
    "memorysetup-thread-allocator-block-size=16777216"
    "memorysetup-gfx-main-allocator-block-size=16777216"
    "memorysetup-gfx-thread-allocator-block-size=16777216"
    "memorysetup-cache-allocator-block-size=4194304"
    "memorysetup-typetree-allocator-block-size=2097152"
    "memorysetup-profiler-bucket-allocator-granularity=16"
    "memorysetup-profiler-bucket-allocator-bucket-count=8"
    "memorysetup-profiler-bucket-allocator-block-size=33554432"
    "memorysetup-profiler-bucket-allocator-block-count=8"
    "memorysetup-profiler-allocator-block-size=16777216"
    "memorysetup-profiler-editor-allocator-block-size=1048576"
    "memorysetup-temp-allocator-size-main=16777216"
    "memorysetup-job-temp-allocator-block-size=2097152"
    "memorysetup-job-temp-allocator-block-size-background=1048576"
    "memorysetup-job-temp-allocator-reduction-small-platforms=262144"
Player connection [20888]  Target information:

Player connection [20888]  * "[IP] 129.21.130.173 [Port] 0 [Flags] 2 [Guid] 2807828563 [EditorId] 2807828563 [Version] 1048832 [Id] WindowsEditor(7,Slys_Barad-dur) [Debug] 1 [PackageName] WindowsEditor [ProjectName] Editor" 

Player connection [20888] Host joined multi-casting on [225.0.0.222:54997]...
Player connection [20888] Host joined alternative multi-casting on [225.0.0.222:34997]...
JobSystem: Creating JobQueue using job-worker-count value 3
Input System module state changed to: Initialized.
[Physics::Module] Initialized fallback backend.
[Physics::Module] Id: 0xdecafbad
Library Redirect Path: Library/
[Physics::Module] Selected backend.
[Physics::Module] Name: PhysX
[Physics::Module] Id: 0xf2b8ea05
[Physics::Module] SDK Version: 4.1.2
[Physics::Module] Integration Version: 1.0.0
[Physics::Module] Threading Mode: Multi-Threaded
Initialize engine version: 6000.4.0f1 (8cf496087c8f)
[Subsystems] Discovering subsystems at path C:/Program Files/Unity/Hub/Editor/6000.4.0f1/Editor/Data/Resources/UnitySubsystems
[Subsystems] Discovering subsystems at path C:/Users/slyca/OneDrive/Documents/GitHub/119Game/119 Game/Assets
Forcing GfxDevice: Direct3D 12
GfxDevice: creating device client; kGfxThreadingModeNonThreaded
d3d12: failed to query info queue interface (0x80004002).
Direct3D:
    Version:         Direct3D 12 [level 12.2]
    Renderer:        NVIDIA GeForce RTX 5070 Ti (ID=0x2c05)
    Vendor:          NVIDIA
    VRAM:            15995 MB
    App VRAM Budget: 15227 MB
    Driver:          32.0.15.9621
Initialize mono
Mono path[0] = 'C:/Program Files/Unity/Hub/Editor/6000.4.0f1/Editor/Data/Managed'
Mono path[1] = 'C:/Program Files/Unity/Hub/Editor/6000.4.0f1/Editor/Data/MonoBleedingEdge/lib/mono/unityjit-win32'
Mono config path = 'C:/Program Files/Unity/Hub/Editor/6000.4.0f1/Editor/Data/MonoBleedingEdge/etc'
Using monoOptions --debugger-agent=transport=dt_socket,embedding=1,server=y,suspend=n,address=127.0.0.1:56788
CodeReloadManager initialized
Begin MonoManager ReloadAssembly
[Licensing::Client] Error: HandshakeResponse reported an error:
	ResponseCode: 505
	ResponseStatus: Unsupported protocol version '1.18.1'.
[Licensing::Module] Error: Failed to handshake to channel: "LicenseClient-slyca"
[Licensing::IpcConnector] LicenseClient-slyca channel disconnected successfully.
[Licensing::IpcConnector] Successfully connected to: "LicenseClient-slyca-6000.4.0" at "2026-05-04T23:35:30.628447Z"
Registering precompiled unity dll's ...
Register platform support module: C:/Program Files/Unity/Hub/Editor/6000.4.0f1/Editor/Data/PlaybackEngines/WebGLSupport/UnityEditor.WebGL.Extensions.dll
Register platform support module: C:/Program Files/Unity/Hub/Editor/6000.4.0f1/Editor/Data/PlaybackEngines/WindowsStandaloneSupport/UnityEditor.WindowsStandalone.Extensions.dll
[Licensing::Module] Licensing is not yet initialized.
[Licensing::Client] Handshaking with LicensingClient:
  Version:                 1.18.1+9fbee8e
  Session Id:              6288496418e14cd49d59837482a06961
  Correlation Id:          b158ab4a9488aacc9cc98b49717a6aa5
  External correlation Id: 3101795786924789319
  Machine Id:              gsQ6nLfRDu/Y2KDapBeabcNeu4U=
[Licensing::Module] Successfully connected to LicensingClient on channel: "LicenseClient-slyca-6000.4.0" (connect: 0.00s, validation: 0.00s, handshake: 0.63s)
[Licensing::IpcConnector] Successfully connected to: "LicenseClient-slyca-6000.4.0-notifications" at "2026-05-04T23:35:31.2657439Z"
[Licensing::Module] Licensing Background thread has ended after 1.40s
[Licensing::Module] Licensing is initialized (took 0.56s).
[Licensing::Client] Successfully resolved entitlement details
[Licensing::Module] License group:
  Id: 20066442190249-UnityPersXXXX
  Product: Unity Personal
  Type: Assigned
  Expiration: Unlimited
Register platform support module: C:/Program Files/Unity/Hub/Editor/6000.4.0f1/Editor/Data/PlaybackEngines/MetroSupport/UnityEditor.UWP.Extensions.dll
Registered in 0.563296 seconds.
Native extension for UWP target not found
Native extension for WindowsStandalone target not found
Native extension for WebGL target not found
Package Manager log level set to [2]
[Package Manager] Failed to launch server process. Reason: Unity was launched with the -noUpm command-line argument
[Package Manager] Unable to send message (not connected to server process).
[Package Manager] Cannot connect to Unity Package Manager local server
ScheduleIndexationOnStartup MainProcess:False IndexOnStartup:True
Mono: successfully reloaded assembly
- Finished resetting the current domain, in  0.265 seconds
Domain Reload Profiling: 1093ms
	BeginReloadAssembly (73ms)
	RebuildCommonClasses (24ms)
	RebuildNativeTypeToScriptingClass (8ms)
	initialDomainReloadingComplete (602ms)
	LoadAllAssembliesAndSetupDomain (120ms)
		LoadAssemblies (71ms)
		AnalyzeDomain (115ms)
			TypeCache.Refresh (114ms)
				TypeCache.ScanAssembly (106ms)
	FinalizeReload (266ms)
		SetupLoadedEditorAssemblies (0ms)
			InitializePlatformSupportModulesInManaged (51ms)
			BeforeProcessingInitializeOnLoad (49ms)
			ProcessInitializeOnLoadAttributes (65ms)
			ProcessInitializeOnLoadMethodAttributes (58ms)
Assembly reference Packages/com.unity.cinemachine/Editor/Samples/ExposeHDRPInternals/HDRP-Editor-ref.asmref has no target assembly definition
========================================================================
Worker process is ready to serve import requests
Import Worker Mode flag is 0x00
Assembly reference Packages/com.unity.cinemachine/Editor/Samples/ExposeHDRPInternals/HDRP-Editor-ref.asmref has no target assembly definition
Assembly reference Packages/com.unity.cinemachine/Editor/Samples/ExposeHDRPInternals/HDRP-Editor-ref.asmref has no target assembly definition
Begin MonoManager ReloadAssembly
[Licensing::Client] Successfully resolved entitlement details
Assembly Assembly-CSharp-Editor-firstpass.dll at Library/ScriptAssemblies/Assembly-CSharp-Editor-firstpass.dll not valid. Loading of assembly skipped.
Assembly Assembly-CSharp-firstpass.dll at Library/ScriptAssemblies/Assembly-CSharp-firstpass.dll not valid. Loading of assembly skipped.
Assembly TestNewCustomAssembly.dll at Library/ScriptAssemblies/TestNewCustomAssembly.dll not valid. Loading of assembly skipped.
Assembly Unity.2D.Animation.EditorTests.dll at Library/ScriptAssemblies/Unity.2D.Animation.EditorTests.dll not valid. Loading of assembly skipped.
Assembly Unity.2D.Aseprite.EditorTests.dll at Library/ScriptAssemblies/Unity.2D.Aseprite.EditorTests.dll not valid. Loading of assembly skipped.
Assembly Unity.2D.Common.EditorTests.dll at Library/ScriptAssemblies/Unity.2D.Common.EditorTests.dll not valid. Loading of assembly skipped.
Assembly Unity.2D.PixelPerfect.Editor.Tests.dll at Library/ScriptAssemblies/Unity.2D.PixelPerfect.Editor.Tests.dll not valid. Loading of assembly skipped.
Assembly Unity.2D.Psdimporter.EditorTests.dll at Library/ScriptAssemblies/Unity.2D.Psdimporter.EditorTests.dll not valid. Loading of assembly skipped.
Assembly Unity.2D.Sprite.Package.EditorTests.dll at Library/ScriptAssemblies/Unity.2D.Sprite.Package.EditorTests.dll not valid. Loading of assembly skipped.
Assembly Unity.2D.SpriteShape.EditorTests.dll at Library/ScriptAssemblies/Unity.2D.SpriteShape.EditorTests.dll not valid. Loading of assembly skipped.
Assembly Unity.2D.Tilemap.Package.EditorTests.dll at Library/ScriptAssemblies/Unity.2D.Tilemap.Package.EditorTests.dll not valid. Loading of assembly skipped.
Assembly Unity.Collections.BurstCompatibilityGen.dll at Library/ScriptAssemblies/Unity.Collections.BurstCompatibilityGen.dll not valid. Loading of assembly skipped.
Assembly Unity.Collections.DocCodeSamples.dll at Library/ScriptAssemblies/Unity.Collections.DocCodeSamples.dll not valid. Loading of assembly skipped.
Assembly Unity.Collections.PerformanceTests.dll at Library/ScriptAssemblies/Unity.Collections.PerformanceTests.dll not valid. Loading of assembly skipped.
Assembly Unity.Collections.Tests.dll at Library/ScriptAssemblies/Unity.Collections.Tests.dll not valid. Loading of assembly skipped.
Assembly Unity.Collections.Tests.Playmode.dll at Library/ScriptAssemblies/Unity.Collections.Tests.Playmode.dll not valid. Loading of assembly skipped.
Assembly Unity.InputSystem.IntegrationTests.dll at Library/ScriptAssemblies/Unity.InputSystem.IntegrationTests.dll not valid. Loading of assembly skipped.
Assembly Unity.Mathematics.Tests.dll at Library/ScriptAssemblies/Unity.Mathematics.Tests.dll not valid. Loading of assembly skipped.
Assembly Unity.Multiplayer.Center.Editor.Tests.dll at Library/ScriptAssemblies/Unity.Multiplayer.Center.Editor.Tests.dll not valid. Loading of assembly skipped.
Assembly Unity.Multiplayer.Center.Tests.dll at Library/ScriptAssemblies/Unity.Multiplayer.Center.Tests.dll not valid. Loading of assembly skipped.
Assembly Unity.Nuget.Mono-Cecil.dll at Library/ScriptAssemblies/Unity.Nuget.Mono-Cecil.dll not valid. Loading of assembly skipped.
Assembly Unity.PathTracing.Editor.Tests.dll at Library/ScriptAssemblies/Unity.PathTracing.Editor.Tests.dll not valid. Loading of assembly skipped.
Assembly Unity.PathTracing.Runtime.Tests.dll at Library/ScriptAssemblies/Unity.PathTracing.Runtime.Tests.dll not valid. Loading of assembly skipped.
Assembly Unity.Performance.Profile-Analyzer.EditorTests.dll at Library/ScriptAssemblies/Unity.Performance.Profile-Analyzer.EditorTests.dll not valid. Loading of assembly skipped.
Assembly Unity.Play.Publisher.Editor.Tests.dll at Library/ScriptAssemblies/Unity.Play.Publisher.Editor.Tests.dll not valid. Loading of assembly skipped.
Assembly Unity.RenderPipelines.Core.Editor.Tests.dll at Library/ScriptAssemblies/Unity.RenderPipelines.Core.Editor.Tests.dll not valid. Loading of assembly skipped.
Assembly Unity.RenderPipelines.Core.Runtime.Tests.dll at Library/ScriptAssemblies/Unity.RenderPipelines.Core.Runtime.Tests.dll not valid. Loading of assembly skipped.
Assembly Unity.RenderPipelines.Universal.Config.Editor.Tests.dll at Library/ScriptAssemblies/Unity.RenderPipelines.Universal.Config.Editor.Tests.dll not valid. Loading of assembly skipped.
Assembly Unity.RenderPipelines.Universal.Editor.Tests.dll at Library/ScriptAssemblies/Unity.RenderPipelines.Universal.Editor.Tests.dll not valid. Loading of assembly skipped.
Assembly Unity.RenderPipelines.Universal.Runtime.Tests.dll at Library/ScriptAssemblies/Unity.RenderPipelines.Universal.Runtime.Tests.dll not valid. Loading of assembly skipped.
Assembly Unity.Searcher.EditorTests.dll at Library/ScriptAssemblies/Unity.Searcher.EditorTests.dll not valid. Loading of assembly skipped.
Assembly Unity.Settings.Tests.dll at Library/ScriptAssemblies/Unity.Settings.Tests.dll not valid. Loading of assembly skipped.
Assembly Unity.ShaderGraph.Editor.Tests.dll at Library/ScriptAssemblies/Unity.ShaderGraph.Editor.Tests.dll not valid. Loading of assembly skipped.
Assembly Unity.TestTools.CodeCoverage.Editor.Compatibility.dll at Library/ScriptAssemblies/Unity.TestTools.CodeCoverage.Editor.Compatibility.dll not valid. Loading of assembly skipped.
Assembly Unity.TextMeshPro.Editor.Tests.dll at Library/ScriptAssemblies/Unity.TextMeshPro.Editor.Tests.dll not valid. Loading of assembly skipped.
Assembly Unity.TextMeshPro.Tests.dll at Library/ScriptAssemblies/Unity.TextMeshPro.Tests.dll not valid. Loading of assembly skipped.
Assembly Unity.Tutorials.Core.Editor.Tests.dll at Library/ScriptAssemblies/Unity.Tutorials.Core.Editor.Tests.dll not valid. Loading of assembly skipped.
Assembly Unity.Tutorials.Core.Tests.dll at Library/ScriptAssemblies/Unity.Tutorials.Core.Tests.dll not valid. Loading of assembly skipped.
Assembly Unity.UnifiedRayTracing.Editor.Tests.dll at Library/ScriptAssemblies/Unity.UnifiedRayTracing.Editor.Tests.dll not valid. Loading of assembly skipped.
Assembly UnityEditor.UI.Common.Tests.dll at Library/ScriptAssemblies/UnityEditor.UI.Common.Tests.dll not valid. Loading of assembly skipped.
Assembly UnityEditor.UI.EditorTests.dll at Library/ScriptAssemblies/UnityEditor.UI.EditorTests.dll not valid. Loading of assembly skipped.
Assembly UnityEngine.UI.Tests.dll at Library/ScriptAssemblies/UnityEngine.UI.Tests.dll not valid. Loading of assembly skipped.
Assembly reference Packages/com.unity.cinemachine/Editor/Samples/ExposeHDRPInternals/HDRP-Editor-ref.asmref has no target assembly definition
'Packages/com.unity.cinemachine/Editor/Obsolete/CinemachineVirtualCameraBaseEditor.cs' contains partial class of Unity.Object, exactly 1 of the partial classes needs to be in a file with the same filename. This is to know the one that can be referenced from ie. GameObjects
'Packages/com.unity.cinemachine/Editor/Editors/CinemachineVirtualCameraBaseEditor.cs' contains partial class of Unity.Object, exactly 1 of the partial classes needs to be in a file with the same filename. This is to know the one that can be referenced from ie. GameObjects
Native extension for UWP target not found
Native extension for WindowsStandalone target not found
Native extension for WebGL target not found
Assembly reference Packages/com.unity.cinemachine/Editor/Samples/ExposeHDRPInternals/HDRP-Editor-ref.asmref has no target assembly definition
[Package Manager] Failed to launch server process. Reason: Unity was launched with the -noUpm command-line argument
[Package Manager] Unable to send message (not connected to server process).
[Package Manager] Cannot connect to Unity Package Manager local server
[Package Manager] Failed to launch server process. Reason: Unity was launched with the -noUpm command-line argument
[Package Manager] Unable to send message (not connected to server process).
[Package Manager] Cannot connect to Unity Package Manager local server
ScheduleIndexationOnStartup MainProcess:False IndexOnStartup:True
Mono: successfully reloaded assembly
- Finished resetting the current domain, in  0.387 seconds
Domain Reload Profiling: 852ms
	BeginReloadAssembly (112ms)
		DisableScriptedObjects (3ms)
		CreateAndSetChildDomain (24ms)
	RebuildCommonClasses (23ms)
	RebuildNativeTypeToScriptingClass (8ms)
	initialDomainReloadingComplete (41ms)
	LoadAllAssembliesAndSetupDomain (281ms)
		LoadAssemblies (192ms)
		AnalyzeDomain (144ms)
			TypeCache.Refresh (96ms)
				TypeCache.ScanAssembly (87ms)
			BuildScriptInfoCaches (40ms)
			ResolveRequiredComponents (7ms)
	FinalizeReload (387ms)
		SetupLoadedEditorAssemblies (0ms)
			InitializePlatformSupportModulesInManaged (7ms)
			BeforeProcessingInitializeOnLoad (76ms)
			ProcessInitializeOnLoadAttributes (123ms)
			ProcessInitializeOnLoadMethodAttributes (48ms)
			AfterProcessingInitializeOnLoad (4ms)
		AwakeInstancesAfterBackupRestoration (4ms)
Launched and connected shader compiler UnityShaderCompiler.exe after 0.01 seconds
Unloading 74 Unused Serialized files (Serialized files now loaded: 0)
Unloading 5369 unused Assets / (9.6 MB). Loaded Objects now: 6153.
Memory consumption went from 156.6 MB to 147.1 MB.
Total: 7.440200 ms (FindLiveObjects: 0.751700 ms CreateObjectMapping: 0.129400 ms MarkObjects: 3.414900 ms  DeleteObjects: 3.142600 ms)

========================================================================
Received Prepare
Assembly reference Packages/com.unity.cinemachine/Editor/Samples/ExposeHDRPInternals/HDRP-Editor-ref.asmref has no target assembly definition
Assembly reference Packages/com.unity.cinemachine/Editor/Samples/ExposeHDRPInternals/HDRP-Editor-ref.asmref has no target assembly definition
Begin MonoManager ReloadAssembly
Assembly Assembly-CSharp-Editor-firstpass.dll at Library/ScriptAssemblies/Assembly-CSharp-Editor-firstpass.dll not valid. Loading of assembly skipped.
Assembly Assembly-CSharp-firstpass.dll at Library/ScriptAssemblies/Assembly-CSharp-firstpass.dll not valid. Loading of assembly skipped.
Assembly TestNewCustomAssembly.dll at Library/ScriptAssemblies/TestNewCustomAssembly.dll not valid. Loading of assembly skipped.
Assembly Unity.2D.Animation.EditorTests.dll at Library/ScriptAssemblies/Unity.2D.Animation.EditorTests.dll not valid. Loading of assembly skipped.
Assembly Unity.2D.Aseprite.EditorTests.dll at Library/ScriptAssemblies/Unity.2D.Aseprite.EditorTests.dll not valid. Loading of assembly skipped.
Assembly Unity.2D.Common.EditorTests.dll at Library/ScriptAssemblies/Unity.2D.Common.EditorTests.dll not valid. Loading of assembly skipped.
Assembly Unity.2D.PixelPerfect.Editor.Tests.dll at Library/ScriptAssemblies/Unity.2D.PixelPerfect.Editor.Tests.dll not valid. Loading of assembly skipped.
Assembly Unity.2D.Psdimporter.EditorTests.dll at Library/ScriptAssemblies/Unity.2D.Psdimporter.EditorTests.dll not valid. Loading of assembly skipped.
Assembly Unity.2D.Sprite.Package.EditorTests.dll at Library/ScriptAssemblies/Unity.2D.Sprite.Package.EditorTests.dll not valid. Loading of assembly skipped.
Assembly Unity.2D.SpriteShape.EditorTests.dll at Library/ScriptAssemblies/Unity.2D.SpriteShape.EditorTests.dll not valid. Loading of assembly skipped.
Assembly Unity.2D.Tilemap.Package.EditorTests.dll at Library/ScriptAssemblies/Unity.2D.Tilemap.Package.EditorTests.dll not valid. Loading of assembly skipped.
Assembly Unity.Collections.BurstCompatibilityGen.dll at Library/ScriptAssemblies/Unity.Collections.BurstCompatibilityGen.dll not valid. Loading of assembly skipped.
Assembly Unity.Collections.DocCodeSamples.dll at Library/ScriptAssemblies/Unity.Collections.DocCodeSamples.dll not valid. Loading of assembly skipped.
Assembly Unity.Collections.PerformanceTests.dll at Library/ScriptAssemblies/Unity.Collections.PerformanceTests.dll not valid. Loading of assembly skipped.
Assembly Unity.Collections.Tests.dll at Library/ScriptAssemblies/Unity.Collections.Tests.dll not valid. Loading of assembly skipped.
Assembly Unity.Collections.Tests.Playmode.dll at Library/ScriptAssemblies/Unity.Collections.Tests.Playmode.dll not valid. Loading of assembly skipped.
Assembly Unity.InputSystem.IntegrationTests.dll at Library/ScriptAssemblies/Unity.InputSystem.IntegrationTests.dll not valid. Loading of assembly skipped.
Assembly Unity.Mathematics.Tests.dll at Library/ScriptAssemblies/Unity.Mathematics.Tests.dll not valid. Loading of assembly skipped.
Assembly Unity.Multiplayer.Center.Editor.Tests.dll at Library/ScriptAssemblies/Unity.Multiplayer.Center.Editor.Tests.dll not valid. Loading of assembly skipped.
Assembly Unity.Multiplayer.Center.Tests.dll at Library/ScriptAssemblies/Unity.Multiplayer.Center.Tests.dll not valid. Loading of assembly skipped.
Assembly Unity.Nuget.Mono-Cecil.dll at Library/ScriptAssemblies/Unity.Nuget.Mono-Cecil.dll not valid. Loading of assembly skipped.
Assembly Unity.PathTracing.Editor.Tests.dll at Library/ScriptAssemblies/Unity.PathTracing.Editor.Tests.dll not valid. Loading of assembly skipped.
Assembly Unity.PathTracing.Runtime.Tests.dll at Library/ScriptAssemblies/Unity.PathTracing.Runtime.Tests.dll not valid. Loading of assembly skipped.
Assembly Unity.Performance.Profile-Analyzer.EditorTests.dll at Library/ScriptAssemblies/Unity.Performance.Profile-Analyzer.EditorTests.dll not valid. Loading of assembly skipped.
Assembly Unity.Play.Publisher.Editor.Tests.dll at Library/ScriptAssemblies/Unity.Play.Publisher.Editor.Tests.dll not valid. Loading of assembly skipped.
Assembly Unity.RenderPipelines.Core.Editor.Tests.dll at Library/ScriptAssemblies/Unity.RenderPipelines.Core.Editor.Tests.dll not valid. Loading of assembly skipped.
Assembly Unity.RenderPipelines.Core.Runtime.Tests.dll at Library/ScriptAssemblies/Unity.RenderPipelines.Core.Runtime.Tests.dll not valid. Loading of assembly skipped.
Assembly Unity.RenderPipelines.Universal.Config.Editor.Tests.dll at Library/ScriptAssemblies/Unity.RenderPipelines.Universal.Config.Editor.Tests.dll not valid. Loading of assembly skipped.
Assembly Unity.RenderPipelines.Universal.Editor.Tests.dll at Library/ScriptAssemblies/Unity.RenderPipelines.Universal.Editor.Tests.dll not valid. Loading of assembly skipped.
Assembly Unity.RenderPipelines.Universal.Runtime.Tests.dll at Library/ScriptAssemblies/Unity.RenderPipelines.Universal.Runtime.Tests.dll not valid. Loading of assembly skipped.
Assembly Unity.Searcher.EditorTests.dll at Library/ScriptAssemblies/Unity.Searcher.EditorTests.dll not valid. Loading of assembly skipped.
Assembly Unity.Settings.Tests.dll at Library/ScriptAssemblies/Unity.Settings.Tests.dll not valid. Loading of assembly skipped.
Assembly Unity.ShaderGraph.Editor.Tests.dll at Library/ScriptAssemblies/Unity.ShaderGraph.Editor.Tests.dll not valid. Loading of assembly skipped.
Assembly Unity.TestTools.CodeCoverage.Editor.Compatibility.dll at Library/ScriptAssemblies/Unity.TestTools.CodeCoverage.Editor.Compatibility.dll not valid. Loading of assembly skipped.
Assembly Unity.TextMeshPro.Editor.Tests.dll at Library/ScriptAssemblies/Unity.TextMeshPro.Editor.Tests.dll not valid. Loading of assembly skipped.
Assembly Unity.TextMeshPro.Tests.dll at Library/ScriptAssemblies/Unity.TextMeshPro.Tests.dll not valid. Loading of assembly skipped.
Assembly Unity.Tutorials.Core.Editor.Tests.dll at Library/ScriptAssemblies/Unity.Tutorials.Core.Editor.Tests.dll not valid. Loading of assembly skipped.
Assembly Unity.Tutorials.Core.Tests.dll at Library/ScriptAssemblies/Unity.Tutorials.Core.Tests.dll not valid. Loading of assembly skipped.
Assembly Unity.UnifiedRayTracing.Editor.Tests.dll at Library/ScriptAssemblies/Unity.UnifiedRayTracing.Editor.Tests.dll not valid. Loading of assembly skipped.
Assembly UnityEditor.UI.Common.Tests.dll at Library/ScriptAssemblies/UnityEditor.UI.Common.Tests.dll not valid. Loading of assembly skipped.
Assembly UnityEditor.UI.EditorTests.dll at Library/ScriptAssemblies/UnityEditor.UI.EditorTests.dll not valid. Loading of assembly skipped.
Assembly UnityEngine.UI.Tests.dll at Library/ScriptAssemblies/UnityEngine.UI.Tests.dll not valid. Loading of assembly skipped.
Assembly reference Packages/com.unity.cinemachine/Editor/Samples/ExposeHDRPInternals/HDRP-Editor-ref.asmref has no target assembly definition
'Packages/com.unity.cinemachine/Editor/Obsolete/CinemachineVirtualCameraBaseEditor.cs' contains partial class of Unity.Object, exactly 1 of the partial classes needs to be in a file with the same filename. This is to know the one that can be referenced from ie. GameObjects
'Packages/com.unity.cinemachine/Editor/Editors/CinemachineVirtualCameraBaseEditor.cs' contains partial class of Unity.Object, exactly 1 of the partial classes needs to be in a file with the same filename. This is to know the one that can be referenced from ie. GameObjects
Native extension for UWP target not found
Native extension for WindowsStandalone target not found
Native extension for WebGL target not found
Assembly reference Packages/com.unity.cinemachine/Editor/Samples/ExposeHDRPInternals/HDRP-Editor-ref.asmref has no target assembly definition
[Package Manager] Failed to launch server process. Reason: Unity was launched with the -noUpm command-line argument
[Package Manager] Unable to send message (not connected to server process).
[Package Manager] Cannot connect to Unity Package Manager local server
[Package Manager] Failed to launch server process. Reason: Unity was launched with the -noUpm command-line argument
[Package Manager] Unable to send message (not connected to server process).
[Package Manager] Cannot connect to Unity Package Manager local server
ScheduleIndexationOnStartup MainProcess:False IndexOnStartup:True
Mono: successfully reloaded assembly
- Finished resetting the current domain, in  0.411 seconds
Domain Reload Profiling: 926ms
	BeginReloadAssembly (142ms)
		DisableScriptedObjects (7ms)
		CreateAndSetChildDomain (34ms)
	RebuildCommonClasses (22ms)
	RebuildNativeTypeToScriptingClass (8ms)
	initialDomainReloadingComplete (51ms)
	LoadAllAssembliesAndSetupDomain (290ms)
		LoadAssemblies (193ms)
		AnalyzeDomain (150ms)
			TypeCache.Refresh (4ms)
			BuildScriptInfoCaches (137ms)
			ResolveRequiredComponents (7ms)
	FinalizeReload (412ms)
		SetupLoadedEditorAssemblies (0ms)
			InitializePlatformSupportModulesInManaged (7ms)
			BeforeProcessingInitializeOnLoad (117ms)
			ProcessInitializeOnLoadAttributes (133ms)
			ProcessInitializeOnLoadMethodAttributes (49ms)
			AfterProcessingInitializeOnLoad (4ms)
		AwakeInstancesAfterBackupRestoration (9ms)
Unloading 73 Unused Serialized files (Serialized files now loaded: 0)
Unloading 5367 unused Assets / (9.1 MB). Loaded Objects now: 6156.
Memory consumption went from 159.1 MB to 150.0 MB.
Total: 6.664100 ms (FindLiveObjects: 0.565500 ms CreateObjectMapping: 0.128300 ms MarkObjects: 3.303700 ms  DeleteObjects: 2.666000 ms)

Prepare: number of updated asset objects reloaded= 0
EnvironmentDependencyValues requested are different than current active one (requested -> active):
  graphicsApiMask: 4 -> 262148
========================================================================
Received Import Request.
  Time since last request: 107658.897137 seconds.
  path: Assets/Environment/Sprites/Cloud 1.png
  importAddress: Guid(ef100d6edee79ae40a7b80552ec2c4ca) Importer(815301076,1909f56bfc062723c751e8b465ee728b)
Start importing Assets/Environment/Sprites/Cloud 1.png using Guid(ef100d6edee79ae40a7b80552ec2c4ca) Importer(815301076,1909f56bfc062723c751e8b465ee728b) (PreviewImporter) -> (Import Result ID: '9c77cb82ae919e711ff08515758147e8') in 0.1326121 seconds [static and dynamic dependencies]. Details - ImportResultOutputID=a3c6a904038f867bb425c13daf462121 DependenciesID=a89777faa5c772ef0274b4c0ca8db764 StaticDependenciesID=ecaa665b90934e7ab3b888bae294b1f4 
Number of updated asset objects reloaded before import = 0Number of asset objects unloaded after import = 3

========================================================================
Received Import Request.
  Time since last request: 0.000037 seconds.
  path: Assets/Environment/Sprites/MidgroundFill.png
  importAddress: Guid(43efe596f8e63be4fb4a0bf7c1066b58) Importer(815301076,1909f56bfc062723c751e8b465ee728b)
Start importing Assets/Environment/Sprites/MidgroundFill.png using Guid(43efe596f8e63be4fb4a0bf7c1066b58) Importer(815301076,1909f56bfc062723c751e8b465ee728b) (PreviewImporter) -> (Import Result ID: '7f10510be2686b047e9d1f4b1a2a350b') in 0.0097159 seconds [static and dynamic dependencies]. Details - ImportResultOutputID=b6a6dd967eadeab24aa218a24139d356 DependenciesID=439997372318a1bdccd20ac745ea897f StaticDependenciesID=ecad2adc51d1ca741f55c1c17c110acd 
Number of updated asset objects reloaded before import = 0Number of asset objects unloaded after import = 3

========================================================================
Received Import Request.
  Time since last request: 0.000029 seconds.
  path: Assets/Environment/Sprites/SlabWalkable 1.png
  importAddress: Guid(66e3b2e3ce961234d829a71844b917e4) Importer(815301076,1909f56bfc062723c751e8b465ee728b)
Start importing Assets/Environment/Sprites/SlabWalkable 1.png using Guid(66e3b2e3ce961234d829a71844b917e4) Importer(815301076,1909f56bfc062723c751e8b465ee728b) (PreviewImporter) -> (Import Result ID: '0f9c22061546b9e2f14eed16e28c8446') in 0.0106649 seconds [static and dynamic dependencies]. Details - ImportResultOutputID=3ad681a2be00c612dbf3d75696451714 DependenciesID=e975f00945d33a61cd89dff0bbc21f03 StaticDependenciesID=fc31265d10ab90d0162d98eea71e084b 
Number of updated asset objects reloaded before import = 0Number of asset objects unloaded after import = 3

========================================================================
Received Import Request.
  Time since last request: 0.000016 seconds.
  path: Assets/Environment/Sprites/SecondPalette.prefab
  importAddress: Guid(4848e3b095eafbc4980da8a71cb2457b) Importer(815301076,1909f56bfc062723c751e8b465ee728b)
Start importing Assets/Environment/Sprites/SecondPalette.prefab using Guid(4848e3b095eafbc4980da8a71cb2457b) Importer(815301076,1909f56bfc062723c751e8b465ee728b) (PreviewImporter) -> (Import Result ID: '445fbe2f84362788e18a6f7d2da6488a') in 0.2776286 seconds [static and dynamic dependencies]. Details - ImportResultOutputID=8c20c4e30ec66d07a41416c730a76dab DependenciesID=82fb3466ac06062dcaf22f2903bccb2b StaticDependenciesID=b1239870a48bc0223d82e470902f703c 
Number of updated asset objects reloaded before import = 0Number of asset objects unloaded after import = 11

========================================================================
Received Import Request.
  Time since last request: 37.206125 seconds.
  path: Assets/Prefabs/QuitDeleteAndEscape.prefab
  importAddress: Guid(2d6a03e6cef262b4482901350f634e9a) Importer(2089858483,b0f066a214c2f5e87bad3c948f4d605d)
Start importing Assets/Prefabs/QuitDeleteAndEscape.prefab using Guid(2d6a03e6cef262b4482901350f634e9a) Importer(2089858483,b0f066a214c2f5e87bad3c948f4d605d) (ScriptedImporter) -> (Import Result ID: 'bba6af4257ffb04be911ee1fb0773458') in 0.0549565 seconds [static and dynamic dependencies]. Details - ImportResultOutputID=205d1f5f78a1cd89e1fc1e364eb9ccd0 DependenciesID=bfe0d8353fa003b114d1f3d2291d2eb0 StaticDependenciesID=937a749a6d6f1b17327c7284681f4ce0 
Number of updated asset objects reloaded before import = 0Number of asset objects unloaded after import = 5

========================================================================
Received Import Request.
  Time since last request: 0.000021 seconds.
  path: Assets/Character/Animations/PlayerDeath.anim
  importAddress: Guid(e0e8baec160e44e1bb74ca8e08777453) Importer(2089858483,b0f066a214c2f5e87bad3c948f4d605d)
Start importing Assets/Character/Animations/PlayerDeath.anim using Guid(e0e8baec160e44e1bb74ca8e08777453) Importer(2089858483,b0f066a214c2f5e87bad3c948f4d605d) (ScriptedImporter) -> (Import Result ID: '72922742cb4940b74ff9527441373cc9') in 0.0174172 seconds [static and dynamic dependencies]. Details - ImportResultOutputID=1e4f007af5bf2cdbaa319193e3841b2f DependenciesID=2108b1a1bc5be1f09eece668e249a332 StaticDependenciesID=9a765bee84f9e3c19ff0849c62caa940 
Number of updated asset objects reloaded before import = 0Number of asset objects unloaded after import = 1

========================================================================
Received Import Request.
  Time since last request: 0.000017 seconds.
  path: Assets/Tiles/Middleground1.asset
  importAddress: Guid(7ba2912366b9c8c4ea35eccb426d91d1) Importer(2089858483,b0f066a214c2f5e87bad3c948f4d605d)
Start importing Assets/Tiles/Middleground1.asset using Guid(7ba2912366b9c8c4ea35eccb426d91d1) Importer(2089858483,b0f066a214c2f5e87bad3c948f4d605d) (ScriptedImporter) -> (Import Result ID: '377dfc934aaec781c04db3f4d777c2f7') in 0.0109657 seconds [static and dynamic dependencies]. Details - ImportResultOutputID=36897038d8f530e8ee0b3225e12c1537 DependenciesID=51dad088fc4d9f6fc400e818d536dbac StaticDependenciesID=fdf0b669b0908a582ebbd21f54e75098 
Number of updated asset objects reloaded before import = 0Number of asset objects unloaded after import = 2

========================================================================
Received Import Request.
  Time since last request: 0.000021 seconds.
  path: Assets/Environment/Tiles/MountainsFar.png
  importAddress: Guid(e9c22375003b7d9468b18f9fbfaa4eb9) Importer(2089858483,b0f066a214c2f5e87bad3c948f4d605d)
Start importing Assets/Environment/Tiles/MountainsFar.png using Guid(e9c22375003b7d9468b18f9fbfaa4eb9) Importer(2089858483,b0f066a214c2f5e87bad3c948f4d605d) (ScriptedImporter) -> (Import Result ID: '6fbec7e0bb7dff444e236d4592d4bd0f') in 0.0221993 seconds [static and dynamic dependencies]. Details - ImportResultOutputID=42ed4cdba85167fd3c116dedc8ca2bd3 DependenciesID=d90aeba0d58a7e14ae48f8ea7c3a3ca2 StaticDependenciesID=3f8dbcf47492dab50e47dd8809c51305 
Number of updated asset objects reloaded before import = 0Number of asset objects unloaded after import = 3

========================================================================
Received Import Request.
  Time since last request: 0.000240 seconds.
  path: Assets/Environment/Sprites/SlabWalkable 1.png
  importAddress: Guid(66e3b2e3ce961234d829a71844b917e4) Importer(2089858483,b0f066a214c2f5e87bad3c948f4d605d)
Start importing Assets/Environment/Sprites/SlabWalkable 1.png using Guid(66e3b2e3ce961234d829a71844b917e4) Importer(2089858483,b0f066a214c2f5e87bad3c948f4d605d) (ScriptedImporter) -> (Import Result ID: '232beea7b86af89e1c08b94a835eab69') in 0.0069736 seconds [static and dynamic dependencies]. Details - ImportResultOutputID=0639525cef0f3e26808330ec54d832f1 DependenciesID=ff60a4286e7fb7f81547bb00d8212f58 StaticDependenciesID=0a9130c3e69a43c5a865a573d4c223f6 
Number of updated asset objects reloaded before import = 0Number of asset objects unloaded after import = 3

========================================================================
Received Import Request.
  Time since last request: 0.000012 seconds.
  path: Assets/Environment/Tree 1_0.asset
  importAddress: Guid(f63c67dcf05cc22458d271f4bb32abf9) Importer(2089858483,b0f066a214c2f5e87bad3c948f4d605d)
Start importing Assets/Environment/Tree 1_0.asset using Guid(f63c67dcf05cc22458d271f4bb32abf9) Importer(2089858483,b0f066a214c2f5e87bad3c948f4d605d) (ScriptedImporter) -> (Import Result ID: 'b26e9065834ba48bdfda08b4a6d26faf') in 0.0062947 seconds [static and dynamic dependencies]. Details - ImportResultOutputID=6b044e22228d4fca00bfd4a7b6f95103 DependenciesID=82f764fd0608bbe4de321c3913646bd8 StaticDependenciesID=2c18ee69cd7eee12024007b4839eef1e 
Number of updated asset objects reloaded before import = 0Number of asset objects unloaded after import = 2

========================================================================
Received Import Request.
  Time since last request: 0.000012 seconds.
  path: Assets/Character/Animations/EnemyDeath.anim
  importAddress: Guid(8151a21a86e8443db8efcec43314dece) Importer(2089858483,b0f066a214c2f5e87bad3c948f4d605d)
Start importing Assets/Character/Animations/EnemyDeath.anim using Guid(8151a21a86e8443db8efcec43314dece) Importer(2089858483,b0f066a214c2f5e87bad3c948f4d605d) (ScriptedImporter) -> (Import Result ID: 'de565fe0c549d966f0afdae1ad6318ab') in 0.0080505 seconds [static and dynamic dependencies]. Details - ImportResultOutputID=f86252bb56252fd0f0fedbe220cde2e9 DependenciesID=5648beb78c3e015365b9eb00f1595163 StaticDependenciesID=c6ce2940a562000b0cedca093daab48d 
Number of updated asset objects reloaded before import = 0Number of asset objects unloaded after import = 1

========================================================================
Received Import Request.
  Time since last request: 0.000013 seconds.
  path: Assets/Environment/Fire.asset
  importAddress: Guid(d66f3c5ff7476bf40a3e99aec018e9d5) Importer(2089858483,b0f066a214c2f5e87bad3c948f4d605d)
Start importing Assets/Environment/Fire.asset using Guid(d66f3c5ff7476bf40a3e99aec018e9d5) Importer(2089858483,b0f066a214c2f5e87bad3c948f4d605d) (ScriptedImporter) -> (Import Result ID: 'a1d8c992d137ec2406c292613e07c637') in 0.0067174 seconds [static and dynamic dependencies]. Details - ImportResultOutputID=97b52c7801de000866e6cf2d1d792658 DependenciesID=94394ee428274d51fdbdd6c6fbe19009 StaticDependenciesID=1edeca48c4a9785288f1bd0efde42fa9 
Number of updated asset objects reloaded before import = 0Number of asset objects unloaded after import = 2

========================================================================
Received Import Request.
  Time since last request: 0.000013 seconds.
  path: Assets/Character/Animations/SheepSide (2).png
  importAddress: Guid(748932886c33a86469e13bddaeb83348) Importer(2089858483,b0f066a214c2f5e87bad3c948f4d605d)
Start importing Assets/Character/Animations/SheepSide (2).png using Guid(748932886c33a86469e13bddaeb83348) Importer(2089858483,b0f066a214c2f5e87bad3c948f4d605d) (ScriptedImporter) -> (Import Result ID: '9c49a52cde65fdf9d3c46bef4a59fd11') in 0.0079986 seconds [static and dynamic dependencies]. Details - ImportResultOutputID=07d249f76f8ec87719b961a9b86851ca DependenciesID=1f7123061c7d566856cfe72b55e84618 StaticDependenciesID=d2e432b5290003b85d63716a5656cf16 
Number of updated asset objects reloaded before import = 0Number of asset objects unloaded after import = 3

========================================================================
Received Import Request.
  Time since last request: 0.000016 seconds.
  path: Assets/Environment/BlockWalkable.asset
  importAddress: Guid(f45375fef2f41f5498f55aae113ce487) Importer(2089858483,b0f066a214c2f5e87bad3c948f4d605d)
Start importing Assets/Environment/BlockWalkable.asset using Guid(f45375fef2f41f5498f55aae113ce487) Importer(2089858483,b0f066a214c2f5e87bad3c948f4d605d) (ScriptedImporter) -> (Import Result ID: '1b26559a994016159d776bc9cd5c05cd') in 0.0065792 seconds [static and dynamic dependencies]. Details - ImportResultOutputID=8a564ff3ba9ae238126b93a242ddf467 DependenciesID=3b4b6ef34883ea754486fbb9e7052f84 StaticDependenciesID=f0fd9c640df9997a5f3df7cb9ad21121 
Number of updated asset objects reloaded before import = 0Number of asset objects unloaded after import = 2

========================================================================
Received Import Request.
  Time since last request: 0.000019 seconds.
  path: Assets/Character/Animations/SheepDeath.png
  importAddress: Guid(d0ba6f8fc5593e24888f1354c7a32778) Importer(2089858483,b0f066a214c2f5e87bad3c948f4d605d)
Start importing Assets/Character/Animations/SheepDeath.png using Guid(d0ba6f8fc5593e24888f1354c7a32778) Importer(2089858483,b0f066a214c2f5e87bad3c948f4d605d) (ScriptedImporter) -> (Import Result ID: 'dfe58a4f3675775e4f7f8e610a55882c') in 0.0121716 seconds [static and dynamic dependencies]. Details - ImportResultOutputID=2915435891cea4e3eaa257d7e3aed33d DependenciesID=7e324582aa906a840bb888c07744a6d6 StaticDependenciesID=870dd936f8e45b4534934c2e0220b734 
Number of updated asset objects reloaded before import = 0Number of asset objects unloaded after import = 15

========================================================================
Received Import Request.
  Time since last request: 0.000021 seconds.
  path: Assets/Environment/Middleground.asset
  importAddress: Guid(c630240c0453ba74fa5fd37095744837) Importer(2089858483,b0f066a214c2f5e87bad3c948f4d605d)
Start importing Assets/Environment/Middleground.asset using Guid(c630240c0453ba74fa5fd37095744837) Importer(2089858483,b0f066a214c2f5e87bad3c948f4d605d) (ScriptedImporter) -> (Import Result ID: 'd8af3a773e3f5920be3cee7a4038163e') in 0.0072254 seconds [static and dynamic dependencies]. Details - ImportResultOutputID=dfb0241d9cc9210cd7c244302758b176 DependenciesID=a28f078c94826e04e070379fdd760ad1 StaticDependenciesID=e10b0482f8ed68dd91d513b30ed7b8a2 
Number of updated asset objects reloaded before import = 0Number of asset objects unloaded after import = 2

========================================================================
Received Import Request.
  Time since last request: 0.000014 seconds.
  path: Assets/Environment/Sprites/Block (2).png
  importAddress: Guid(aec4966f6ad6edd498a1f0f4479ad9a1) Importer(2089858483,b0f066a214c2f5e87bad3c948f4d605d)
Start importing Assets/Environment/Sprites/Block (2).png using Guid(aec4966f6ad6edd498a1f0f4479ad9a1) Importer(2089858483,b0f066a214c2f5e87bad3c948f4d605d) (ScriptedImporter) -> (Import Result ID: '7e8c3e1d93a165d6a387fd38a6b46042') in 0.0086979 seconds [static and dynamic dependencies]. Details - ImportResultOutputID=bfe7fff1408279a4ede3bf60fd57ee52 DependenciesID=c468ead45f23864134e202452d78d24d StaticDependenciesID=79ef69e4b31afdb1ce5935121139c28d 
Number of updated asset objects reloaded before import = 0Number of asset objects unloaded after import = 3

========================================================================
Received Import Request.
  Time since last request: 0.000013 seconds.
  path: Assets/Prefabs/TilePalette.prefab
  importAddress: Guid(c02c4165d21a0fd488455befe67d7aac) Importer(2089858483,b0f066a214c2f5e87bad3c948f4d605d)
Start importing Assets/Prefabs/TilePalette.prefab using Guid(c02c4165d21a0fd488455befe67d7aac) Importer(2089858483,b0f066a214c2f5e87bad3c948f4d605d) (ScriptedImporter) -> (Import Result ID: '779bc4532a733070c8b6c0fd337df550') in 0.0087521 seconds [static and dynamic dependencies]. Details - ImportResultOutputID=ddd769f134803918391fb5e352b0d9eb DependenciesID=322df8ab0ba2be985ec46bc43b996480 StaticDependenciesID=c80f9c5ead41ee9c5fb0a1a3204524a1 
Number of updated asset objects reloaded before import = 0Number of asset objects unloaded after import = 10

========================================================================
Received Import Request.
  Time since last request: 0.000013 seconds.
  path: Assets/Character/Animations/ProtagonistCelebration.png
  importAddress: Guid(cda86bee583ce064594d87975e6d8a43) Importer(2089858483,b0f066a214c2f5e87bad3c948f4d605d)
Start importing Assets/Character/Animations/ProtagonistCelebration.png using Guid(cda86bee583ce064594d87975e6d8a43) Importer(2089858483,b0f066a214c2f5e87bad3c948f4d605d) (ScriptedImporter) -> (Import Result ID: '5bbf8bea098eafc0e5a562d354ea7c78') in 0.0136098 seconds [static and dynamic dependencies]. Details - ImportResultOutputID=dc2a3578180bd90b4a2998fa35f0d264 DependenciesID=5de5c34e03243afe52b1386bdba46455 StaticDependenciesID=d0f6d300564e917890ca6520030f9522 
Number of updated asset objects reloaded before import = 0Number of asset objects unloaded after import = 15

========================================================================
Received Import Request.
  Time since last request: 0.000016 seconds.
  path: Assets/Environment/Block.asset
  importAddress: Guid(5ee997f38798c86428519de98ae05bd4) Importer(2089858483,b0f066a214c2f5e87bad3c948f4d605d)
Start importing Assets/Environment/Block.asset using Guid(5ee997f38798c86428519de98ae05bd4) Importer(2089858483,b0f066a214c2f5e87bad3c948f4d605d) (ScriptedImporter) -> (Import Result ID: '0e5ff625faad6c21cc91d8b528f789d6') in 0.0113933 seconds [static and dynamic dependencies]. Details - ImportResultOutputID=0b88c40e7dc1c3f6e4fe152d4a6fc456 DependenciesID=f04e67b8881be2444c5e02e1a631bf8f StaticDependenciesID=6090920784f15e3d0cd2217ecd0ba97f 
Number of updated asset objects reloaded before import = 0Number of asset objects unloaded after import = 1

========================================================================
Received Import Request.
  Time since last request: 0.000014 seconds.
  path: Assets/Audio/MusicBlizzard 02.wav
  importAddress: Guid(00a94d14cada10c4ebd04c1beec62a54) Importer(2089858483,b0f066a214c2f5e87bad3c948f4d605d)
Start importing Assets/Audio/MusicBlizzard 02.wav using Guid(00a94d14cada10c4ebd04c1beec62a54) Importer(2089858483,b0f066a214c2f5e87bad3c948f4d605d) (ScriptedImporter) -> (Import Result ID: '4da49138e6a1c67cda7f793117f509ad') in 0.0148577 seconds [static and dynamic dependencies]. Details - ImportResultOutputID=21e859b76c97d6047b2c828af32baae9 DependenciesID=35c563e7b96ca0c9c3099df07d36a097 StaticDependenciesID=7ba0bb0d150e60cb41420300922f6397 
Number of updated asset objects reloaded before import = 0Number of asset objects unloaded after import = 1

========================================================================
Received Import Request.
  Time since last request: 0.000023 seconds.
  path: Assets/Character/Animations/EnemyHurt.anim
  importAddress: Guid(6d1eca749f9f840299a309e3fd0302af) Importer(2089858483,b0f066a214c2f5e87bad3c948f4d605d)
Start importing Assets/Character/Animations/EnemyHurt.anim using Guid(6d1eca749f9f840299a309e3fd0302af) Importer(2089858483,b0f066a214c2f5e87bad3c948f4d605d) (ScriptedImporter) -> (Import Result ID: '700b925e294edc115904d625dca7704e') in 0.0068461 seconds [static and dynamic dependencies]. Details - ImportResultOutputID=c8a4eadc3feb48e2e5ed744fbb91a43e DependenciesID=5f4623fbd5d1583369b3e734df5defd2 StaticDependenciesID=b6bdc3c2f1a273dd399866c6c845ed74 
Number of updated asset objects reloaded before import = 0Number of asset objects unloaded after import = 1

========================================================================
Received Import Request.
  Time since last request: 0.000018 seconds.
  path: Assets/Scripts/Quit.cs
  importAddress: Guid(e3ecbfbe0bf553e42929b71918495214) Importer(2089858483,b0f066a214c2f5e87bad3c948f4d605d)
Start importing Assets/Scripts/Quit.cs using Guid(e3ecbfbe0bf553e42929b71918495214) Importer(2089858483,b0f066a214c2f5e87bad3c948f4d605d) (ScriptedImporter) -> (Import Result ID: 'bf6e81bbc2106f69605d1e2c097e12af') in 0.0063537 seconds [static and dynamic dependencies]. Details - ImportResultOutputID=e9c5c45afb299058e3d481084afda008 DependenciesID=938a619741778107c32d84f47c6e6c2a StaticDependenciesID=c0b61968cbb4f508e199364c7a887e62 
Number of updated asset objects reloaded before import = 0Number of asset objects unloaded after import = 0

========================================================================
Received Import Request.
  Time since last request: 0.000013 seconds.
  path: Assets/Tiles/Middleground.asset
  importAddress: Guid(335fa9c18a254074b95afe34b55e9d7e) Importer(2089858483,b0f066a214c2f5e87bad3c948f4d605d)
Start importing Assets/Tiles/Middleground.asset using Guid(335fa9c18a254074b95afe34b55e9d7e) Importer(2089858483,b0f066a214c2f5e87bad3c948f4d605d) (ScriptedImporter) -> (Import Result ID: '48dfa4293293478f4ed2f34e2c62d43d') in 0.0064739 seconds [static and dynamic dependencies]. Details - ImportResultOutputID=94ad9b60b5223b39609edbb768229c00 DependenciesID=12c6fcbd741a0ce9ee33249fd2f8e040 StaticDependenciesID=c4b1554d2466fd254b9a5037797d6255 
Number of updated asset objects reloaded before import = 0Number of asset objects unloaded after import = 2

========================================================================
Received Import Request.
  Time since last request: 0.000013 seconds.
  path: Assets/Character/Animations/PlayerHurt.anim
  importAddress: Guid(acd3fdc6781e749908cec8f29cbac75f) Importer(2089858483,b0f066a214c2f5e87bad3c948f4d605d)
Start importing Assets/Character/Animations/PlayerHurt.anim using Guid(acd3fdc6781e749908cec8f29cbac75f) Importer(2089858483,b0f066a214c2f5e87bad3c948f4d605d) (ScriptedImporter) -> (Import Result ID: '9f02a8b3a7dba4e08408ed76a56f31d9') in 0.0062684 seconds [static and dynamic dependencies]. Details - ImportResultOutputID=5fa7409fb6f2cf1912e1548f4d21181c DependenciesID=0aea58288d3a2c79e4085f43a7b06fd3 StaticDependenciesID=f481c6244ada0310e69ace0e6fe2ab94 
Number of updated asset objects reloaded before import = 0Number of asset objects unloaded after import = 1

========================================================================
Received Import Request.
  Time since last request: 0.000012 seconds.
  path: Assets/Character/Animations/ProtagonistDeath.png
  importAddress: Guid(3d5a990bcbe88e44cbc2dacb19d7c719) Importer(2089858483,b0f066a214c2f5e87bad3c948f4d605d)
Start importing Assets/Character/Animations/ProtagonistDeath.png using Guid(3d5a990bcbe88e44cbc2dacb19d7c719) Importer(2089858483,b0f066a214c2f5e87bad3c948f4d605d) (ScriptedImporter) -> (Import Result ID: 'b67793b017aa1659aef77a0b8de77644') in 0.0129084 seconds [static and dynamic dependencies]. Details - ImportResultOutputID=d5a9ac06ebcb825520df9ffa82039128 DependenciesID=8a91d9e42636619bdba6d069136fc816 StaticDependenciesID=b458019caac1b36c3e286f93d116291c 
Number of updated asset objects reloaded before import = 0Number of asset objects unloaded after import = 15

========================================================================
Received Import Request.
  Time since last request: 0.000013 seconds.
  path: Assets/Prefabs/Enemy.prefab
  importAddress: Guid(f158aa2be3df6489185ef721f6fd79c1) Importer(2089858483,b0f066a214c2f5e87bad3c948f4d605d)
Start importing Assets/Prefabs/Enemy.prefab using Guid(f158aa2be3df6489185ef721f6fd79c1) Importer(2089858483,b0f066a214c2f5e87bad3c948f4d605d) (ScriptedImporter) -> (Import Result ID: 'fd45e1dbd38d1a38afa4e83394ddbfab') in 0.0278562 seconds [static and dynamic dependencies]. Details - ImportResultOutputID=226a71e04be389a7858cc9190670e1f0 DependenciesID=85a0d6fe829ee8978a19612fe993a5bb StaticDependenciesID=c5089e6f0942af648a6eb13ac4e792f5 
Number of updated asset objects reloaded before import = 0Number of asset objects unloaded after import = 29

========================================================================
Received Import Request.
  Time since last request: 0.000015 seconds.
  path: Assets/Character/Animations/ProtagonistJump.png
  importAddress: Guid(16887ce18de3f564da092c4f77dbadde) Importer(2089858483,b0f066a214c2f5e87bad3c948f4d605d)
Start importing Assets/Character/Animations/ProtagonistJump.png using Guid(16887ce18de3f564da092c4f77dbadde) Importer(2089858483,b0f066a214c2f5e87bad3c948f4d605d) (ScriptedImporter) -> (Import Result ID: 'd86c469adc8741f60e2698ac73e258dc') in 0.0157512 seconds [static and dynamic dependencies]. Details - ImportResultOutputID=0cf9461a3dbef64dd6e2aa761027b6f2 DependenciesID=8aa8d1c68f0e677102ebb5625d1b7996 StaticDependenciesID=b0563823c279a6b19d7e618a7846b163 
Number of updated asset objects reloaded before import = 0Number of asset objects unloaded after import = 14

========================================================================
Received Import Request.
  Time since last request: 0.000023 seconds.
  path: Assets/Environment/Block (2).asset
  importAddress: Guid(dbd783a1cbe0a3c47ac28ac8ab29d524) Importer(2089858483,b0f066a214c2f5e87bad3c948f4d605d)
Start importing Assets/Environment/Block (2).asset using Guid(dbd783a1cbe0a3c47ac28ac8ab29d524) Importer(2089858483,b0f066a214c2f5e87bad3c948f4d605d) (ScriptedImporter) -> (Import Result ID: '4744543d8bfb7038774645662a8bdafd') in 0.0073198 seconds [static and dynamic dependencies]. Details - ImportResultOutputID=a9ce3547c4199be8b0d69289bb5fb8c1 DependenciesID=b76e994fef059f0ff0423c84710093dd StaticDependenciesID=da79186cce746b55ecdc8b6ef8df772c 
Number of updated asset objects reloaded before import = 0Number of asset objects unloaded after import = 2

========================================================================
Received Import Request.
  Time since last request: 0.000014 seconds.
  path: Assets/Character/Animations/SheepWalkCycle.png
  importAddress: Guid(bdd6f086d87c467499facae191edf3c1) Importer(2089858483,b0f066a214c2f5e87bad3c948f4d605d)
Start importing Assets/Character/Animations/SheepWalkCycle.png using Guid(bdd6f086d87c467499facae191edf3c1) Importer(2089858483,b0f066a214c2f5e87bad3c948f4d605d) (ScriptedImporter) -> (Import Result ID: '9a463d3efc47261bd3cf194141daaa16') in 0.0140235 seconds [static and dynamic dependencies]. Details - ImportResultOutputID=3f837299ca4c71c40111f6a5dfc650ee DependenciesID=f99b16f8ef4041650980bf7ff3c89836 StaticDependenciesID=f20791d15b0c600e0c38744bf78e704f 
Number of updated asset objects reloaded before import = 0Number of asset objects unloaded after import = 19

========================================================================
Received Import Request.
  Time since last request: 0.000016 seconds.
  path: Assets/Audio/Walk02Creature Foot Step 01.wav
  importAddress: Guid(384be91279a21724ea1686d3ca34419b) Importer(2089858483,b0f066a214c2f5e87bad3c948f4d605d)
Start importing Assets/Audio/Walk02Creature Foot Step 01.wav using Guid(384be91279a21724ea1686d3ca34419b) Importer(2089858483,b0f066a214c2f5e87bad3c948f4d605d) (ScriptedImporter) -> (Import Result ID: 'f33bdf3909a9982e5183d2cb5fd6eead') in 0.0057662 seconds [static and dynamic dependencies]. Details - ImportResultOutputID=eba59f57f4c4130a4200c66d4c3e405d DependenciesID=af937f72fc9ec88d4c7afaae634dead4 StaticDependenciesID=0694a8f218522fc337e7bb84c3ee2aa9 
Number of updated asset objects reloaded before import = 0Number of asset objects unloaded after import = 1

========================================================================
Received Import Request.
  Time since last request: 0.000012 seconds.
  path: Assets/Environment/Sprites/SlabWalkable.png
  importAddress: Guid(5cb4ede53cbfac84c9bd5c8a0c312fd3) Importer(2089858483,b0f066a214c2f5e87bad3c948f4d605d)
Start importing Assets/Environment/Sprites/SlabWalkable.png using Guid(5cb4ede53cbfac84c9bd5c8a0c312fd3) Importer(2089858483,b0f066a214c2f5e87bad3c948f4d605d) (ScriptedImporter) -> (Import Result ID: '0650f42dbff1115dc6e396b3603e77d5') in 0.0070722 seconds [static and dynamic dependencies]. Details - ImportResultOutputID=0dcd83e35e5a6beabbdae12b027bdff4 DependenciesID=eb9d637110e0e19d25adbb98212b4eec StaticDependenciesID=8ec45c2380fdbde45db79e6e31ff8b51 
Number of updated asset objects reloaded before import = 0Number of asset objects unloaded after import = 3

========================================================================
Received Import Request.
  Time since last request: 0.000015 seconds.
  path: Assets/Environment/Sprites/Tree 1.png
  importAddress: Guid(1d29adfaf7ef4e34e8e7bb7902f5ca9f) Importer(2089858483,b0f066a214c2f5e87bad3c948f4d605d)
Start importing Assets/Environment/Sprites/Tree 1.png using Guid(1d29adfaf7ef4e34e8e7bb7902f5ca9f) Importer(2089858483,b0f066a214c2f5e87bad3c948f4d605d) (ScriptedImporter) -> (Import Result ID: 'cbd25fdd8d282831110ad4d22247fc2d') in 0.0078953 seconds [static and dynamic dependencies]. Details - ImportResultOutputID=ad8d53c23e30bd0bb414512800cb5081 DependenciesID=a91111acbb4b65658eb4e5abbc898414 StaticDependenciesID=845e8b245b96396602710c8664a053b5 
Number of updated asset objects reloaded before import = 0Number of asset objects unloaded after import = 3

========================================================================
Received Import Request.
  Time since last request: 55.770121 seconds.
  path: Assets/Scenes/Scene_1.unity
  importAddress: Guid(2cda990e2423bbf4892e6590ba056729) Importer(815301076,1909f56bfc062723c751e8b465ee728b)
Start importing Assets/Scenes/Scene_1.unity using Guid(2cda990e2423bbf4892e6590ba056729) Importer(815301076,1909f56bfc062723c751e8b465ee728b) (PreviewImporter) -> (Import Result ID: '410ca6eb1cd3774d1cc772e9e3663011') in 0.0004718 seconds [static and dynamic dependencies]. Details - ImportResultOutputID=ed762298b59bb6514954732a4a6a55a4 DependenciesID=f640dd51479ad9d942338fcd7127247a StaticDependenciesID=7e51980bcad9ca76db046d59dacadac9 
Number of updated asset objects reloaded before import = 0Number of asset objects unloaded after import = 0

========================================================================
Received Import Request.
  Time since last request: 6.141658 seconds.
  path: Assets/Audio/CollectableCoins Shake in Hand 01.wav
  importAddress: Guid(793302cb659188e4099193a1059a8eef) Importer(815301076,1909f56bfc062723c751e8b465ee728b)
Start importing Assets/Audio/CollectableCoins Shake in Hand 01.wav using Guid(793302cb659188e4099193a1059a8eef) Importer(815301076,1909f56bfc062723c751e8b465ee728b) (PreviewImporter) -> (Import Result ID: 'f4b78141747cab06d596be4d8daa432a') in 0.0402711 seconds [static and dynamic dependencies]. Details - ImportResultOutputID=2d8c64d5b0793878727d25d6ae42e04f DependenciesID=484323c9d6a5079f379850ac24096e98 StaticDependenciesID=c68d191f0235f688cae56a4d9ddfad34 
Number of updated asset objects reloaded before import = 0Number of asset objects unloaded after import = 2

========================================================================
Received Import Request.
  Time since last request: 0.000020 seconds.
  path: Assets/Audio/LandOnGroundjumpCreature Foot Step 04.wav
  importAddress: Guid(50b49017a6e38e34cbc6f077f7882629) Importer(815301076,1909f56bfc062723c751e8b465ee728b)
Start importing Assets/Audio/LandOnGroundjumpCreature Foot Step 04.wav using Guid(50b49017a6e38e34cbc6f077f7882629) Importer(815301076,1909f56bfc062723c751e8b465ee728b) (PreviewImporter) -> (Import Result ID: 'cbdd6cd96df47b180934ff15a1d65d4d') in 0.011489 seconds [static and dynamic dependencies]. Details - ImportResultOutputID=35c6d734fc40fa819a5e0834439ab5d3 DependenciesID=0694725419f5a908343cd81838ec5595 StaticDependenciesID=b016cc8744c719b22cf215d2f0a96160 
Number of updated asset objects reloaded before import = 0Number of asset objects unloaded after import = 2

========================================================================
Received Import Request.
  Time since last request: 0.000020 seconds.
  path: Assets/Audio/MusicBlizzard 02.wav
  importAddress: Guid(00a94d14cada10c4ebd04c1beec62a54) Importer(815301076,1909f56bfc062723c751e8b465ee728b)
Start importing Assets/Audio/MusicBlizzard 02.wav using Guid(00a94d14cada10c4ebd04c1beec62a54) Importer(815301076,1909f56bfc062723c751e8b465ee728b) (PreviewImporter) -> (Import Result ID: '22c72184e8d3847077f766478a0367ef') in 0.0093415 seconds [static and dynamic dependencies]. Details - ImportResultOutputID=f361590517a264dd919f3ff58a0d00e6 DependenciesID=5b70ae5ab64b7fa0b83898c377436286 StaticDependenciesID=c558f89ed3dd91ee40138014cd6b34b3 
Number of updated asset objects reloaded before import = 0Number of asset objects unloaded after import = 2

========================================================================
Received Import Request.
  Time since last request: 112.220778 seconds.
  path: Assets/Prefabs/Enemy.prefab
  importAddress: Guid(f158aa2be3df6489185ef721f6fd79c1) Importer(815301076,1909f56bfc062723c751e8b465ee728b)
Start importing Assets/Prefabs/Enemy.prefab using Guid(f158aa2be3df6489185ef721f6fd79c1) Importer(815301076,1909f56bfc062723c751e8b465ee728b) (PreviewImporter) -> (Import Result ID: '0cfa1174840be5f95719094da3088dcb') in 0.0295658 seconds [static and dynamic dependencies]. Details - ImportResultOutputID=301e0b0a8d20d123acbc0c20aa32c82e DependenciesID=b4eba41203ddeb10636c654e0844d5d6 StaticDependenciesID=7a3cfbdcd0f1c9b526f7ffe8ccdec075 
Number of updated asset objects reloaded before import = 0Number of asset objects unloaded after import = 61

========================================================================
Received Import Request.
  Time since last request: 0.000015 seconds.
  path: Assets/Prefabs/TilePalette.prefab
  importAddress: Guid(c02c4165d21a0fd488455befe67d7aac) Importer(815301076,1909f56bfc062723c751e8b465ee728b)
Start importing Assets/Prefabs/TilePalette.prefab using Guid(c02c4165d21a0fd488455befe67d7aac) Importer(815301076,1909f56bfc062723c751e8b465ee728b) (PreviewImporter) -> (Import Result ID: '2b3ae7851ab4ef3db29e9e5602dddc93') in 0.0293458 seconds [static and dynamic dependencies]. Details - ImportResultOutputID=42040e2fb943d3cad7dcff4dbc67f19c DependenciesID=0ac2eda0e90cc2aaa86db91c02df4d01 StaticDependenciesID=5a8d2287548669a5c5ae1fda414931c7 
Number of updated asset objects reloaded before import = 0Number of asset objects unloaded after import = 41

========================================================================
Received Import Request.
  Time since last request: 0.000015 seconds.
  path: Assets/Prefabs/QuitDeleteAndEscape.prefab
  importAddress: Guid(2d6a03e6cef262b4482901350f634e9a) Importer(815301076,1909f56bfc062723c751e8b465ee728b)
Start importing Assets/Prefabs/QuitDeleteAndEscape.prefab using Guid(2d6a03e6cef262b4482901350f634e9a) Importer(815301076,1909f56bfc062723c751e8b465ee728b) (PreviewImporter) -> (Import Result ID: '5dbe395a27ae89d8ffba9a9c6594aba5') in 0.0011348 seconds [static and dynamic dependencies]. Details - ImportResultOutputID=a9602e65ad3926976ebdddeb78855a85 DependenciesID=e761ab1a3149c87278efb7b90358a671 StaticDependenciesID=7b2f8b5dac16b3ea942d68364371ed3d 
Number of updated asset objects reloaded before import = 0Number of asset objects unloaded after import = 5

========================================================================
Received Import Request.
  Time since last request: 16.506442 seconds.
  path: Assets/Prefabs/Enemy.prefab
  importAddress: Guid(f158aa2be3df6489185ef721f6fd79c1) Importer(2089858483,b0f066a214c2f5e87bad3c948f4d605d)
Start importing Assets/Prefabs/Enemy.prefab using Guid(f158aa2be3df6489185ef721f6fd79c1) Importer(2089858483,b0f066a214c2f5e87bad3c948f4d605d) (ScriptedImporter) -> (Import Result ID: 'fc8e5153c6fc2776cfe4ddc9163bee6c') in 0.0138748 seconds [static and dynamic dependencies]. Details - ImportResultOutputID=17a3f5ec0ab32833f700c780861dffdf DependenciesID=2d61b07e867499b2662027771e0e7a18 StaticDependenciesID=b54aac4f0283c4dc218a419647d53ccf 
Number of updated asset objects reloaded before import = 0Number of asset objects unloaded after import = 29

========================================================================
Received Import Request.
  Time since last request: 114.489543 seconds.
  path: Assets/Audio
  importAddress: Guid(2c936b9f658e245b08d487aa1090faab) Importer(815301076,1909f56bfc062723c751e8b465ee728b)
Start importing Assets/Audio using Guid(2c936b9f658e245b08d487aa1090faab) Importer(815301076,1909f56bfc062723c751e8b465ee728b) (PreviewImporter) -> (Import Result ID: 'e296b0c07ca330489ff05b1f1eadf832') in 0.00048 seconds [static and dynamic dependencies]. Details - ImportResultOutputID=92f927950a3e048df2bb5a021ca608ac DependenciesID=1464bde23a2a281af6710cc504a81613 StaticDependenciesID=6f2d7278090e7e1d17e8b382a6cb4ab7 
Number of updated asset objects reloaded before import = 0Number of asset objects unloaded after import = 0

========================================================================
Received Import Request.
  Time since last request: 22.450437 seconds.
  path: Assets/Audio/Chickens in a Barn 05.wav
  importAddress: Guid(5fb4c7e75a7a8d74db553c5f08c38a14) Importer(815301076,1909f56bfc062723c751e8b465ee728b)
Start importing Assets/Audio/Chickens in a Barn 05.wav using Guid(5fb4c7e75a7a8d74db553c5f08c38a14) Importer(815301076,1909f56bfc062723c751e8b465ee728b) (PreviewImporter) -> (Import Result ID: 'ac01121660a98863b57bfabb3f97a70a') in 0.0133281 seconds [static and dynamic dependencies]. Details - ImportResultOutputID=d39c1882ca1e9305f008d6c6b9ad8fcd DependenciesID=1fe6043608f2a0f724522c1119943b97 StaticDependenciesID=815003e25fa4d1aaca8fdaeeaaa54354 
Number of updated asset objects reloaded before import = 0Number of asset objects unloaded after import = 2

========================================================================
Received Import Request.
  Time since last request: 0.937256 seconds.
  path: Assets/Audio/Chickens in a Barn 05.wav
  importAddress: Guid(5fb4c7e75a7a8d74db553c5f08c38a14) Importer(2089858483,b0f066a214c2f5e87bad3c948f4d605d)
Start importing Assets/Audio/Chickens in a Barn 05.wav using Guid(5fb4c7e75a7a8d74db553c5f08c38a14) Importer(2089858483,b0f066a214c2f5e87bad3c948f4d605d) (ScriptedImporter) -> (Import Result ID: '4964023de7ac0f4beb465fbc0cd396ad') in 0.007804 seconds [static and dynamic dependencies]. Details - ImportResultOutputID=ac2428309d75f2e155dcd62e26e673db DependenciesID=154f92e912eaf1a2a865b02a5687a1b7 StaticDependenciesID=2194646e74fdd9357ced777a5480c0b6 
Number of updated asset objects reloaded before import = 0Number of asset objects unloaded after import = 1

========================================================================
Received Import Request.
  Time since last request: 40.915024 seconds.
  path: Assets/Audio/LandOnEnemyChickens in a Barn 05.wav
  importAddress: Guid(5fb4c7e75a7a8d74db553c5f08c38a14) Importer(815301076,1909f56bfc062723c751e8b465ee728b)
Start importing Assets/Audio/LandOnEnemyChickens in a Barn 05.wav using Guid(5fb4c7e75a7a8d74db553c5f08c38a14) Importer(815301076,1909f56bfc062723c751e8b465ee728b) (PreviewImporter) -> (Import Result ID: '50366a0262954fbeba246351f13e4ef7') in 0.0068428 seconds [static and dynamic dependencies]. Details - ImportResultOutputID=d39c1882ca1e9305f008d6c6b9ad8fcd DependenciesID=ee0960724f086f37591be16ac3122b91 StaticDependenciesID=1f0f19bcf43559babc2fe6d1aa13a0db 
Number of updated asset objects reloaded before import = 0Number of asset objects unloaded after import = 2

========================================================================
Received Import Request.
  Time since last request: 0.939782 seconds.
  path: Assets/Audio/LandOnEnemyChickens in a Barn 05.wav
  importAddress: Guid(5fb4c7e75a7a8d74db553c5f08c38a14) Importer(2089858483,b0f066a214c2f5e87bad3c948f4d605d)
Start importing Assets/Audio/LandOnEnemyChickens in a Barn 05.wav using Guid(5fb4c7e75a7a8d74db553c5f08c38a14) Importer(2089858483,b0f066a214c2f5e87bad3c948f4d605d) (ScriptedImporter) -> (Import Result ID: '6c999f4d62b22770a08170b23ea1fb1d') in 0.0077743 seconds [static and dynamic dependencies]. Details - ImportResultOutputID=ce7dea95a778a5043da997641e544984 DependenciesID=6abbf678bdc4643f4619942dd08fb019 StaticDependenciesID=352426d812d7e74761c85eaa78e6d3fa 
Number of updated asset objects reloaded before import = 0Number of asset objects unloaded after import = 1

========================================================================
Received Import Request.
  Time since last request: 11.221930 seconds.
  path: Assets/Prefabs/Enemy.prefab
  importAddress: Guid(f158aa2be3df6489185ef721f6fd79c1) Importer(815301076,1909f56bfc062723c751e8b465ee728b)
Start importing Assets/Prefabs/Enemy.prefab using Guid(f158aa2be3df6489185ef721f6fd79c1) Importer(815301076,1909f56bfc062723c751e8b465ee728b) (PreviewImporter) -> (Import Result ID: 'c2e664d18cad2bc1b5da3528b21067ae') in 0.0549939 seconds [static and dynamic dependencies]. Details - ImportResultOutputID=301e0b0a8d20d123acbc0c20aa32c82e DependenciesID=97df334ec8dcc8c1b4f925ef618eacf1 StaticDependenciesID=4fd920ba1a05f5a224128f93c6e63d6b 
Number of updated asset objects reloaded before import = 0Number of asset objects unloaded after import = 60

========================================================================
Received Import Request.
  Time since last request: 18.431071 seconds.
  path: Assets/Prefabs/Enemy.prefab
  importAddress: Guid(f158aa2be3df6489185ef721f6fd79c1) Importer(2089858483,b0f066a214c2f5e87bad3c948f4d605d)
Start importing Assets/Prefabs/Enemy.prefab using Guid(f158aa2be3df6489185ef721f6fd79c1) Importer(2089858483,b0f066a214c2f5e87bad3c948f4d605d) (ScriptedImporter) -> (Import Result ID: 'a9d0c284005d527181557d3717d09c53') in 0.0200596 seconds [static and dynamic dependencies]. Details - ImportResultOutputID=3325c0a7fc5e389c162c09fc570f16a3 DependenciesID=7324b146b8b63d113e27fad00154e94b StaticDependenciesID=6b89b0f028e3aee2efb4cad1db59547d 
Number of updated asset objects reloaded before import = 0Number of asset objects unloaded after import = 29

========================================================================
Received Import Request.
  Time since last request: 8.903318 seconds.
  path: Assets/Prefabs/Enemy.prefab
  importAddress: Guid(f158aa2be3df6489185ef721f6fd79c1) Importer(815301076,1909f56bfc062723c751e8b465ee728b)
Start importing Assets/Prefabs/Enemy.prefab using Guid(f158aa2be3df6489185ef721f6fd79c1) Importer(815301076,1909f56bfc062723c751e8b465ee728b) (PreviewImporter) -> (Import Result ID: 'e18088ab0861c3fb91e33aa1cac48a0c') in 0.0238891 seconds [static and dynamic dependencies]. Details - ImportResultOutputID=301e0b0a8d20d123acbc0c20aa32c82e DependenciesID=81dfb6f7a6c980e9e8ed6116e463dd6f StaticDependenciesID=67b02a347303585b8368a21b56d9b6f4 
Number of updated asset objects reloaded before import = 0Number of asset objects unloaded after import = 61

========================================================================
Received Import Request.
  Time since last request: 46.165934 seconds.
  path: Assets/Prefabs/Enemy.prefab
  importAddress: Guid(f158aa2be3df6489185ef721f6fd79c1) Importer(815301076,1909f56bfc062723c751e8b465ee728b)
Start importing Assets/Prefabs/Enemy.prefab using Guid(f158aa2be3df6489185ef721f6fd79c1) Importer(815301076,1909f56bfc062723c751e8b465ee728b) (PreviewImporter) -> (Import Result ID: 'bcae028d93ff763a405d2f1155d5d4a2') in 0.0177561 seconds [static and dynamic dependencies]. Details - ImportResultOutputID=301e0b0a8d20d123acbc0c20aa32c82e DependenciesID=b708a5ae202a180295e18ab160cacabf StaticDependenciesID=dd174cce7589fa76bdca6b5ca28a94f8 
Number of updated asset objects reloaded before import = 0Number of asset objects unloaded after import = 61

========================================================================
Received Import Request.
  Time since last request: 0.938601 seconds.
  path: Assets/Prefabs/Enemy.prefab
  importAddress: Guid(f158aa2be3df6489185ef721f6fd79c1) Importer(2089858483,b0f066a214c2f5e87bad3c948f4d605d)
Start importing Assets/Prefabs/Enemy.prefab using Guid(f158aa2be3df6489185ef721f6fd79c1) Importer(2089858483,b0f066a214c2f5e87bad3c948f4d605d) (ScriptedImporter) -> (Import Result ID: '28f309cc8b0150e03ab7a164181927bb') in 0.0145781 seconds [static and dynamic dependencies]. Details - ImportResultOutputID=ade35879df6a677819d1501831c58041 DependenciesID=f73158b318b1cb10f716e1e2e07c2b24 StaticDependenciesID=b839545bc85ffc6a7436fc5a39b6a056 
Number of updated asset objects reloaded before import = 0Number of asset objects unloaded after import = 29

========================================================================
Received Import Request.
  Time since last request: 114.134438 seconds.
  path: Assets/Character/Animations/Player.controller
  importAddress: Guid(b09e60546065cf9448b36ebb7f759a91) Importer(815301076,1909f56bfc062723c751e8b465ee728b)
Start importing Assets/Character/Animations/Player.controller using Guid(b09e60546065cf9448b36ebb7f759a91) Importer(815301076,1909f56bfc062723c751e8b465ee728b) (PreviewImporter) -> (Import Result ID: '3b5806f0d201bf78a8e9383992c4046e') in 0.0493376 seconds [static and dynamic dependencies]. Details - ImportResultOutputID=5fd3d31910968d900653fbb2c2954203 DependenciesID=f013a1ac83207e8c7504facccfd33052 StaticDependenciesID=0edf5b3165ceda65c016007be75d6989 
Number of updated asset objects reloaded before import = 0Number of asset objects unloaded after import = 40

========================================================================
Received Import Request.
  Time since last request: 2.407685 seconds.
  path: Assets/Character/Animations/AllTeethWalkCycle (1).png
  importAddress: Guid(b093824b75be22b47a104834098894ab) Importer(815301076,1909f56bfc062723c751e8b465ee728b)
Start importing Assets/Character/Animations/AllTeethWalkCycle (1).png using Guid(b093824b75be22b47a104834098894ab) Importer(815301076,1909f56bfc062723c751e8b465ee728b) (PreviewImporter) -> (Import Result ID: '60a4550b338adc72e71f2a588e55e33c') in 0.0793221 seconds [static and dynamic dependencies]. Details - ImportResultOutputID=17a991957a88af35a6ece2c725d8b0f5 DependenciesID=b0d3a6d58bd57d5feb72c6b0e2535d3c StaticDependenciesID=d4d88a3ad7ed6742fb44ca9a8957009b 
Number of updated asset objects reloaded before import = 0Number of asset objects unloaded after import = 36

========================================================================
Received Import Request.
  Time since last request: 0.000018 seconds.
  path: Assets/Character/Animations/ProtagonistCelebration.png
  importAddress: Guid(cda86bee583ce064594d87975e6d8a43) Importer(815301076,1909f56bfc062723c751e8b465ee728b)
Start importing Assets/Character/Animations/ProtagonistCelebration.png using Guid(cda86bee583ce064594d87975e6d8a43) Importer(815301076,1909f56bfc062723c751e8b465ee728b) (PreviewImporter) -> (Import Result ID: '35070919bbaa7e4ef0391a2822f95d5d') in 0.0346519 seconds [static and dynamic dependencies]. Details - ImportResultOutputID=bd81e8f075290bd6818d0d42de43aa51 DependenciesID=9703b6b1643f6b62df6ae58cf106bd24 StaticDependenciesID=dcbe26b9cc84b70977915e2c1f58233e 
Number of updated asset objects reloaded before import = 0Number of asset objects unloaded after import = 15

========================================================================
Received Import Request.
  Time since last request: 0.000023 seconds.
  path: Assets/Character/Animations/SheepDeath.png
  importAddress: Guid(d0ba6f8fc5593e24888f1354c7a32778) Importer(815301076,1909f56bfc062723c751e8b465ee728b)
Start importing Assets/Character/Animations/SheepDeath.png using Guid(d0ba6f8fc5593e24888f1354c7a32778) Importer(815301076,1909f56bfc062723c751e8b465ee728b) (PreviewImporter) -> (Import Result ID: 'b88fc8bc335f8819e0df7d6a1bbb951d') in 0.0315981 seconds [static and dynamic dependencies]. Details - ImportResultOutputID=25ef4d3d368a8204c1fbda2c6f1b983f DependenciesID=234dddb79d157ab8e809ea984a4c9533 StaticDependenciesID=53877e68a6dd55c118d1b5f3d00c8ae7 
Number of updated asset objects reloaded before import = 0Number of asset objects unloaded after import = 15

========================================================================
Received Import Request.
  Time since last request: 0.000014 seconds.
  path: Assets/Character/Animations/SheepSide (2).png
  importAddress: Guid(748932886c33a86469e13bddaeb83348) Importer(815301076,1909f56bfc062723c751e8b465ee728b)
Start importing Assets/Character/Animations/SheepSide (2).png using Guid(748932886c33a86469e13bddaeb83348) Importer(815301076,1909f56bfc062723c751e8b465ee728b) (PreviewImporter) -> (Import Result ID: '9534baad8fed36f3e3e49a718296330b') in 0.0151336 seconds [static and dynamic dependencies]. Details - ImportResultOutputID=39388a673fec2a6828a49daa13e0964e DependenciesID=96737947e8a8978c6ab9fe38ceeb65f0 StaticDependenciesID=715e93b87b3df9fed9ff4c54cad67997 
Number of updated asset objects reloaded before import = 0Number of asset objects unloaded after import = 3

========================================================================
Received Import Request.
  Time since last request: 25.666229 seconds.
  path: Assets/Character/Animations/Player.controller
  importAddress: Guid(b09e60546065cf9448b36ebb7f759a91) Importer(2089858483,b0f066a214c2f5e87bad3c948f4d605d)
Start importing Assets/Character/Animations/Player.controller using Guid(b09e60546065cf9448b36ebb7f759a91) Importer(2089858483,b0f066a214c2f5e87bad3c948f4d605d) (ScriptedImporter) -> (Import Result ID: '92113dfb0a6338fac3a3e651e20f57a9') in 0.0116188 seconds [static and dynamic dependencies]. Details - ImportResultOutputID=33f7bee35cf2b103e0777fc65d61dd02 DependenciesID=b60b9d02516bc7dd12bb8d80e00d0341 StaticDependenciesID=82946efdb039a89aa8019211ab5e7a9f 
Number of updated asset objects reloaded before import = 0Number of asset objects unloaded after import = 40

========================================================================
Received Import Request.
  Time since last request: 91.428708 seconds.
  path: Assets/Audio/Creature Foot Step 04.wav
  importAddress: Guid(f974da5827db32d4d91790f915a62bb5) Importer(815301076,1909f56bfc062723c751e8b465ee728b)
Start importing Assets/Audio/Creature Foot Step 04.wav using Guid(f974da5827db32d4d91790f915a62bb5) Importer(815301076,1909f56bfc062723c751e8b465ee728b) (PreviewImporter) -> (Import Result ID: '8fd76db18d23417c415c864bb807011a') in 0.0113323 seconds [static and dynamic dependencies]. Details - ImportResultOutputID=5b4ad254fd363e1303b022a0b603d160 DependenciesID=b4d15ed656476440a26878b7ca82593f StaticDependenciesID=aacd17398f635f05780df72ab58bdb2d 
Number of updated asset objects reloaded before import = 0Number of asset objects unloaded after import = 2

========================================================================
Received Import Request.
  Time since last request: 0.912445 seconds.
  path: Assets/Audio/Creature Foot Step 04.wav
  importAddress: Guid(f974da5827db32d4d91790f915a62bb5) Importer(2089858483,b0f066a214c2f5e87bad3c948f4d605d)
Start importing Assets/Audio/Creature Foot Step 04.wav using Guid(f974da5827db32d4d91790f915a62bb5) Importer(2089858483,b0f066a214c2f5e87bad3c948f4d605d) (ScriptedImporter) -> (Import Result ID: '6e38f10728448176593405490e13960e') in 0.0068257 seconds [static and dynamic dependencies]. Details - ImportResultOutputID=006bdd4b0f4e6ed605a30bf93204b790 DependenciesID=4a70d534cf65a4d753afc4461bdd1fff StaticDependenciesID=f2f00d0a606b414e85d74e5e474856b4 
Number of updated asset objects reloaded before import = 0Number of asset objects unloaded after import = 1

========================================================================
Received Import Request.
  Time since last request: 7.183637 seconds.
  path: Assets/Audio/jumpCreature Foot Step 04.wav
  importAddress: Guid(f974da5827db32d4d91790f915a62bb5) Importer(815301076,1909f56bfc062723c751e8b465ee728b)
Start importing Assets/Audio/jumpCreature Foot Step 04.wav using Guid(f974da5827db32d4d91790f915a62bb5) Importer(815301076,1909f56bfc062723c751e8b465ee728b) (PreviewImporter) -> (Import Result ID: '4f80e3912efe591f94c56bd3c3e6726e') in 0.0064261 seconds [static and dynamic dependencies]. Details - ImportResultOutputID=5b4ad254fd363e1303b022a0b603d160 DependenciesID=688a126f83561b00e9c8cce7c79d45bf StaticDependenciesID=7bda92c3fe01c30ed20286efc61a08eb 
Number of updated asset objects reloaded before import = 0Number of asset objects unloaded after import = 2

========================================================================
Received Import Request.
  Time since last request: 0.940792 seconds.
  path: Assets/Audio/jumpCreature Foot Step 04.wav
  importAddress: Guid(f974da5827db32d4d91790f915a62bb5) Importer(2089858483,b0f066a214c2f5e87bad3c948f4d605d)
Start importing Assets/Audio/jumpCreature Foot Step 04.wav using Guid(f974da5827db32d4d91790f915a62bb5) Importer(2089858483,b0f066a214c2f5e87bad3c948f4d605d) (ScriptedImporter) -> (Import Result ID: '8141bb8cf3ecde75ab07c82ee6f7127b') in 0.0074524 seconds [static and dynamic dependencies]. Details - ImportResultOutputID=7d0e2e83e0b8bdf95797647ffc75143d DependenciesID=526fc71f362fa5e84386e0ac3b9d8c32 StaticDependenciesID=99734fd963e57e3ec24fc8f23250f7f1 
Number of updated asset objects reloaded before import = 0Number of asset objects unloaded after import = 1

========================================================================
Received Import Request.
  Time since last request: 121.220990 seconds.
  path: Assets/Audio/Creature Snarl 02.wav
  importAddress: Guid(1bbde01fa110b7c4cb57636ccea14a33) Importer(815301076,1909f56bfc062723c751e8b465ee728b)
Start importing Assets/Audio/Creature Snarl 02.wav using Guid(1bbde01fa110b7c4cb57636ccea14a33) Importer(815301076,1909f56bfc062723c751e8b465ee728b) (PreviewImporter) -> (Import Result ID: 'b8b1e00dc54ae806571da3c256879933') in 0.0096563 seconds [static and dynamic dependencies]. Details - ImportResultOutputID=88b135dc38ed442befea88aa92731a2a DependenciesID=406b6fafbe003f3977d198bda1fd949b StaticDependenciesID=82ccbc8c1de6dab9518b1001360a5c43 
Number of updated asset objects reloaded before import = 0Number of asset objects unloaded after import = 2

========================================================================
Received Import Request.
  Time since last request: 0.947494 seconds.
  path: Assets/Audio/Creature Snarl 02.wav
  importAddress: Guid(1bbde01fa110b7c4cb57636ccea14a33) Importer(2089858483,b0f066a214c2f5e87bad3c948f4d605d)
Start importing Assets/Audio/Creature Snarl 02.wav using Guid(1bbde01fa110b7c4cb57636ccea14a33) Importer(2089858483,b0f066a214c2f5e87bad3c948f4d605d) (ScriptedImporter) -> (Import Result ID: 'd94f2f69e8a07897d93abcca445987fb') in 0.0086536 seconds [static and dynamic dependencies]. Details - ImportResultOutputID=0d44be40a87cf1ea4e95254e7d54e1a9 DependenciesID=710b50c786e0cf5a9c8e5e641cc4747d StaticDependenciesID=e95d6701786500a6e8b0e79569222333 
Number of updated asset objects reloaded before import = 0Number of asset objects unloaded after import = 1

========================================================================
Received Import Request.
  Time since last request: 16.434314 seconds.
  path: Assets/Audio/jumpCreature Snarl 02.wav
  importAddress: Guid(1bbde01fa110b7c4cb57636ccea14a33) Importer(815301076,1909f56bfc062723c751e8b465ee728b)
Start importing Assets/Audio/jumpCreature Snarl 02.wav using Guid(1bbde01fa110b7c4cb57636ccea14a33) Importer(815301076,1909f56bfc062723c751e8b465ee728b) (PreviewImporter) -> (Import Result ID: 'f646127aed30e637714fbdac3ec1e8b4') in 0.0057159 seconds [static and dynamic dependencies]. Details - ImportResultOutputID=88b135dc38ed442befea88aa92731a2a DependenciesID=04c91adf4433bff173db7a11f81221d0 StaticDependenciesID=ef980380bfb4c059c11944839d88a7fe 
Number of updated asset objects reloaded before import = 0Number of asset objects unloaded after import = 2

========================================================================
Received Import Request.
  Time since last request: 0.944905 seconds.
  path: Assets/Audio/jumpCreature Snarl 02.wav
  importAddress: Guid(1bbde01fa110b7c4cb57636ccea14a33) Importer(2089858483,b0f066a214c2f5e87bad3c948f4d605d)
Start importing Assets/Audio/jumpCreature Snarl 02.wav using Guid(1bbde01fa110b7c4cb57636ccea14a33) Importer(2089858483,b0f066a214c2f5e87bad3c948f4d605d) (ScriptedImporter) -> (Import Result ID: 'f3bab01f89563643ec634f34826e3a4b') in 0.0076943 seconds [static and dynamic dependencies]. Details - ImportResultOutputID=cd8d8260797f0b733dd9efa26b4f78be DependenciesID=364745b6c8e09f8118f26489328b4637 StaticDependenciesID=1c85d015a8454c772bd3c2202ece672f 
Number of updated asset objects reloaded before import = 0Number of asset objects unloaded after import = 1

========================================================================
Received Import Request.
  Time since last request: 166.338593 seconds.
  path: Assets/Audio/Creature Growl 02.wav
  importAddress: Guid(ee68e1e3f16e195419e69e52691a9f9c) Importer(815301076,1909f56bfc062723c751e8b465ee728b)
Start importing Assets/Audio/Creature Growl 02.wav using Guid(ee68e1e3f16e195419e69e52691a9f9c) Importer(815301076,1909f56bfc062723c751e8b465ee728b) (PreviewImporter) -> (Import Result ID: '076e200de0c29ac79bd0106c51262366') in 0.0107907 seconds [static and dynamic dependencies]. Details - ImportResultOutputID=9d0b8bc22ba147459da9553e6418c4ef DependenciesID=7e87264f095f24e4562e15810cd100b6 StaticDependenciesID=14717bd69ebfc1c8117a34e13fa2255d 
Number of updated asset objects reloaded before import = 0Number of asset objects unloaded after import = 2

========================================================================
Received Import Request.
  Time since last request: 0.937066 seconds.
  path: Assets/Audio/Creature Growl 02.wav
  importAddress: Guid(ee68e1e3f16e195419e69e52691a9f9c) Importer(2089858483,b0f066a214c2f5e87bad3c948f4d605d)
Start importing Assets/Audio/Creature Growl 02.wav using Guid(ee68e1e3f16e195419e69e52691a9f9c) Importer(2089858483,b0f066a214c2f5e87bad3c948f4d605d) (ScriptedImporter) -> (Import Result ID: '661e3b918e78e9917a3dac059590b1bf') in 0.0075355 seconds [static and dynamic dependencies]. Details - ImportResultOutputID=652759ea2558ef27694260aac7bae931 DependenciesID=ab13456013e7010fcfdb002b296c054f StaticDependenciesID=cc91b759af939d5935abb9f8ec3bb769 
Number of updated asset objects reloaded before import = 0Number of asset objects unloaded after import = 1

========================================================================
Received Import Request.
  Time since last request: 6.361781 seconds.
  path: Assets/Audio/HurtDeathCreature Growl 02.wav
  importAddress: Guid(ee68e1e3f16e195419e69e52691a9f9c) Importer(815301076,1909f56bfc062723c751e8b465ee728b)
Start importing Assets/Audio/HurtDeathCreature Growl 02.wav using Guid(ee68e1e3f16e195419e69e52691a9f9c) Importer(815301076,1909f56bfc062723c751e8b465ee728b) (PreviewImporter) -> (Import Result ID: '5818ce7c1594c80e6125fa375318d749') in 0.0071344 seconds [static and dynamic dependencies]. Details - ImportResultOutputID=9d0b8bc22ba147459da9553e6418c4ef DependenciesID=61e6f1a4007b65c2c59e4aea82b823e1 StaticDependenciesID=afec9df6d687db376126716a9a838a53 
Number of updated asset objects reloaded before import = 0Number of asset objects unloaded after import = 2

========================================================================
Received Import Request.
  Time since last request: 0.943232 seconds.
  path: Assets/Audio/HurtDeathCreature Growl 02.wav
  importAddress: Guid(ee68e1e3f16e195419e69e52691a9f9c) Importer(2089858483,b0f066a214c2f5e87bad3c948f4d605d)
Start importing Assets/Audio/HurtDeathCreature Growl 02.wav using Guid(ee68e1e3f16e195419e69e52691a9f9c) Importer(2089858483,b0f066a214c2f5e87bad3c948f4d605d) (ScriptedImporter) -> (Import Result ID: '9e09f10c6886f4fd7b619b6921117890') in 0.0085028 seconds [static and dynamic dependencies]. Details - ImportResultOutputID=71809cda291d01f125039944ee2bdc21 DependenciesID=9f735b92d45ee4b29a0139b644be754d StaticDependenciesID=79aeae8c2bfe24397cafc6f8c407bc8c 
Number of updated asset objects reloaded before import = 0Number of asset objects unloaded after import = 1

========================================================================
Received Import Request.
  Time since last request: 1082.962189 seconds.
  path: Assets/Audio/Keys dropping on the Table 02.wav
  importAddress: Guid(e02f97ee4b876a8448b638ac6e524f25) Importer(815301076,1909f56bfc062723c751e8b465ee728b)
Start importing Assets/Audio/Keys dropping on the Table 02.wav using Guid(e02f97ee4b876a8448b638ac6e524f25) Importer(815301076,1909f56bfc062723c751e8b465ee728b) (PreviewImporter) -> (Import Result ID: '61f68fb416be6fef3a73abdfc28bf012') in 0.0093728 seconds [static and dynamic dependencies]. Details - ImportResultOutputID=549e448c7719e8787dbc312ff2e34132 DependenciesID=d7684b107a28e5c2b1c4c761664076e3 StaticDependenciesID=35f7bdb076f6d6252337166468530266 
Number of updated asset objects reloaded before import = 0Number of asset objects unloaded after import = 2

========================================================================
Received Import Request.
  Time since last request: 0.940441 seconds.
  path: Assets/Audio/Keys dropping on the Table 02.wav
  importAddress: Guid(e02f97ee4b876a8448b638ac6e524f25) Importer(2089858483,b0f066a214c2f5e87bad3c948f4d605d)
Start importing Assets/Audio/Keys dropping on the Table 02.wav using Guid(e02f97ee4b876a8448b638ac6e524f25) Importer(2089858483,b0f066a214c2f5e87bad3c948f4d605d) (ScriptedImporter) -> (Import Result ID: '12a913fd4b41a52f88890a02e8bc3e72') in 0.008236 seconds [static and dynamic dependencies]. Details - ImportResultOutputID=3c03f00e75cce82b164a018bc359e23c DependenciesID=e48f281152b3ed7649621b54bb9e5361 StaticDependenciesID=bbae2e8e3df33986c1569781f83c494d 
Number of updated asset objects reloaded before import = 0Number of asset objects unloaded after import = 1

========================================================================
Received Import Request.
  Time since last request: 3.906928 seconds.
  path: Assets/Prefabs/Enemy.prefab
  importAddress: Guid(f158aa2be3df6489185ef721f6fd79c1) Importer(815301076,1909f56bfc062723c751e8b465ee728b)
Start importing Assets/Prefabs/Enemy.prefab using Guid(f158aa2be3df6489185ef721f6fd79c1) Importer(815301076,1909f56bfc062723c751e8b465ee728b) (PreviewImporter) -> (Import Result ID: '729875db718e8eb6c0960910fed0c025') in 0.0131073 seconds [static and dynamic dependencies]. Details - ImportResultOutputID=301e0b0a8d20d123acbc0c20aa32c82e DependenciesID=bc2cfbfee19e513d8c15c6351ba12617 StaticDependenciesID=dd174cce7589fa76bdca6b5ca28a94f8 
Number of updated asset objects reloaded before import = 0Number of asset objects unloaded after import = 61

========================================================================
Received Import Request.
  Time since last request: 12.249646 seconds.
  path: Assets/Prefabs/Enemy.prefab
  importAddress: Guid(f158aa2be3df6489185ef721f6fd79c1) Importer(2089858483,b0f066a214c2f5e87bad3c948f4d605d)
Start importing Assets/Prefabs/Enemy.prefab using Guid(f158aa2be3df6489185ef721f6fd79c1) Importer(2089858483,b0f066a214c2f5e87bad3c948f4d605d) (ScriptedImporter) -> (Import Result ID: '46d803edd173f64d51b93c6a733a46c0') in 0.0144198 seconds [static and dynamic dependencies]. Details - ImportResultOutputID=5e730a3d4976bb93e19a6fa60966ac1a DependenciesID=774b51ac8063c873cbb0915efd4696b7 StaticDependenciesID=42e09262e95e69e4aa2b6393e5ae7fbd 
Number of updated asset objects reloaded before import = 0Number of asset objects unloaded after import = 29

========================================================================
Received Import Request.
  Time since last request: 66.506619 seconds.
  path: Assets/Scenes/Scene_1.unity
  importAddress: Guid(2cda990e2423bbf4892e6590ba056729) Importer(2089858483,b0f066a214c2f5e87bad3c948f4d605d)
Start importing Assets/Scenes/Scene_1.unity using Guid(2cda990e2423bbf4892e6590ba056729) Importer(2089858483,b0f066a214c2f5e87bad3c948f4d605d) (ScriptedImporter) -> (Import Result ID: '98a36db527d807c2014c021c9d0052c4') in 0.0162238 seconds [static and dynamic dependencies]. Details - ImportResultOutputID=e2ce628d9f905782fdc7c4edde09c8b5 DependenciesID=b73684975331e00aaae55c5f83a87621 StaticDependenciesID=edc9bd69cc562ddefa48f63604c368ca 
Number of updated asset objects reloaded before import = 0Number of asset objects unloaded after import = 1

========================================================================
Received Import Request.
  Time since last request: 1624.482280 seconds.
  path: Assets/Character/Animations/Player.controller
  importAddress: Guid(b09e60546065cf9448b36ebb7f759a91) Importer(815301076,1909f56bfc062723c751e8b465ee728b)
Start importing Assets/Character/Animations/Player.controller using Guid(b09e60546065cf9448b36ebb7f759a91) Importer(815301076,1909f56bfc062723c751e8b465ee728b) (PreviewImporter) -> (Import Result ID: '3f9dd1004eac14de2d8828df8bbe29ad') in 0.0056109 seconds [static and dynamic dependencies]. Details - ImportResultOutputID=5fd3d31910968d900653fbb2c2954203 DependenciesID=c5b3c47a4b39d5143558db115420db7c StaticDependenciesID=0636f140a8943fa31125be69c84b7961 
Number of updated asset objects reloaded before import = 0Number of asset objects unloaded after import = 40

========================================================================
Received Import Request.
  Time since last request: 992.951312 seconds.
  path: Assets/Scenes/Scene_1.unity
  importAddress: Guid(2cda990e2423bbf4892e6590ba056729) Importer(2089858483,b0f066a214c2f5e87bad3c948f4d605d)
Start importing Assets/Scenes/Scene_1.unity using Guid(2cda990e2423bbf4892e6590ba056729) Importer(2089858483,b0f066a214c2f5e87bad3c948f4d605d) (ScriptedImporter) -> (Import Result ID: '959eec749f44b9521da4613963d22afb') in 0.0170269 seconds [static and dynamic dependencies]. Details - ImportResultOutputID=89185512732f9c3f9ea8c743b5e1ba32 DependenciesID=d2b3b508bde5bdcb7c2dd02e43fc3e09 StaticDependenciesID=10d3ac3b7aff30a28f4e504c0ff9b2c9 
Number of updated asset objects reloaded before import = 0Number of asset objects unloaded after import = 1

========================================================================
Received Import Request.
  Time since last request: 43.843093 seconds.
  path: Assets/Environment/Tiles/MountainsFar.png
  importAddress: Guid(e9c22375003b7d9468b18f9fbfaa4eb9) Importer(815301076,1909f56bfc062723c751e8b465ee728b)
Start importing Assets/Environment/Tiles/MountainsFar.png using Guid(e9c22375003b7d9468b18f9fbfaa4eb9) Importer(815301076,1909f56bfc062723c751e8b465ee728b) (PreviewImporter) -> (Import Result ID: '18be5a0cda32dcc53bfd980bc9c12c24') in 0.0164679 seconds [static and dynamic dependencies]. Details - ImportResultOutputID=070bc90df041d659eb4c80dcf46ada7b DependenciesID=16720f0cffb2c069b72e33a438901606 StaticDependenciesID=4ed00b811ce0bd399eee4bf19af36046 
Number of updated asset objects reloaded before import = 0Number of asset objects unloaded after import = 3

========================================================================
Received Import Request.
  Time since last request: 87.152185 seconds.
  path: Assets/Environment/Block.asset
  importAddress: Guid(5ee997f38798c86428519de98ae05bd4) Importer(815301076,1909f56bfc062723c751e8b465ee728b)
Start importing Assets/Environment/Block.asset using Guid(5ee997f38798c86428519de98ae05bd4) Importer(815301076,1909f56bfc062723c751e8b465ee728b) (PreviewImporter) -> (Import Result ID: 'a1e065b628868d557908b5e0bbe92d8f') in 0.0049453 seconds [static and dynamic dependencies]. Details - ImportResultOutputID=a636647d30fbbf9312d3823fb631554a DependenciesID=307246a41f38c4e0aec46f8b1ab2e06b StaticDependenciesID=7a18af3a89581e9a8ed4a158a0e29eb7 
Number of updated asset objects reloaded before import = 0Number of asset objects unloaded after import = 1

========================================================================
Received Import Request.
  Time since last request: 0.000014 seconds.
  path: Assets/Environment/Middleground.asset
  importAddress: Guid(c630240c0453ba74fa5fd37095744837) Importer(815301076,1909f56bfc062723c751e8b465ee728b)
Start importing Assets/Environment/Middleground.asset using Guid(c630240c0453ba74fa5fd37095744837) Importer(815301076,1909f56bfc062723c751e8b465ee728b) (PreviewImporter) -> (Import Result ID: 'f6058357b72f151409aec6cfbdd140fa') in 0.0555867 seconds [static and dynamic dependencies]. Details - ImportResultOutputID=8f484e7e91507da5fa214edd5366dc63 DependenciesID=0b91bb7642cc030ce98513e50c36bf3b StaticDependenciesID=d9a8a57384337415f3c51e78df42b9ac 
Number of updated asset objects reloaded before import = 0Number of asset objects unloaded after import = 3

========================================================================
Received Import Request.
  Time since last request: 0.000016 seconds.
  path: Assets/Environment/Cloud 1.asset
  importAddress: Guid(4c8791f2b1c4e1c4b841fffebde89e8f) Importer(815301076,1909f56bfc062723c751e8b465ee728b)
Start importing Assets/Environment/Cloud 1.asset using Guid(4c8791f2b1c4e1c4b841fffebde89e8f) Importer(815301076,1909f56bfc062723c751e8b465ee728b) (PreviewImporter) -> (Import Result ID: 'cfadf624161dbdf034f67432a8465368') in 0.0154911 seconds [static and dynamic dependencies]. Details - ImportResultOutputID=6087ef8e7e1143f12c2c0d16e6a0b3d3 DependenciesID=035aeace0c78f506c6bd3a74a9ae49dd StaticDependenciesID=3cb104e934e7c50c58dcd8f7e066f9f5 
Number of updated asset objects reloaded before import = 0Number of asset objects unloaded after import = 3

========================================================================
Received Import Request.
  Time since last request: 0.000016 seconds.
  path: Assets/Environment/MidgroundFill_0.asset
  importAddress: Guid(acd1e5b9edd757e44a16d92c2d669a37) Importer(815301076,1909f56bfc062723c751e8b465ee728b)
Start importing Assets/Environment/MidgroundFill_0.asset using Guid(acd1e5b9edd757e44a16d92c2d669a37) Importer(815301076,1909f56bfc062723c751e8b465ee728b) (PreviewImporter) -> (Import Result ID: '04d2b684e50b515e5bab2e5ce550bf69') in 0.0135882 seconds [static and dynamic dependencies]. Details - ImportResultOutputID=56c808fac5c2c286eeb44b406cbe3657 DependenciesID=d2a12a37d59cdd2a3a3fac574f5e6f6f StaticDependenciesID=aebcc3a6964116b3406d139bcd1eaff6 
Number of updated asset objects reloaded before import = 0Number of asset objects unloaded after import = 3

========================================================================
Received Import Request.
  Time since last request: 0.000021 seconds.
  path: Assets/Environment/Snow.prefab
  importAddress: Guid(3624a7817a0707748b10351af066d3f3) Importer(815301076,1909f56bfc062723c751e8b465ee728b)
Start importing Assets/Environment/Snow.prefab using Guid(3624a7817a0707748b10351af066d3f3) Importer(815301076,1909f56bfc062723c751e8b465ee728b) (PreviewImporter) -> (Import Result ID: '446378e5b70e3e11af454529b1a58fd0') in 0.3311328 seconds [static and dynamic dependencies]. Details - ImportResultOutputID=7aefabfca17824bd724406bbb8b8f990 DependenciesID=0547dc457ccda95c8e4985cbdc2374a7 StaticDependenciesID=2c7666725437c217223b93a862a3ef9a 
Number of updated asset objects reloaded before import = 0Number of asset objects unloaded after import = 6

========================================================================
Received Import Request.
  Time since last request: 29.059290 seconds.
  path: Assets/Prefabs/Enemy.prefab
  importAddress: Guid(f158aa2be3df6489185ef721f6fd79c1) Importer(815301076,1909f56bfc062723c751e8b465ee728b)
Start importing Assets/Prefabs/Enemy.prefab using Guid(f158aa2be3df6489185ef721f6fd79c1) Importer(815301076,1909f56bfc062723c751e8b465ee728b) (PreviewImporter) -> (Import Result ID: '28dd11ebef9ce6eb193dee2fbe9042e5') in 0.0152624 seconds [static and dynamic dependencies]. Details - ImportResultOutputID=301e0b0a8d20d123acbc0c20aa32c82e DependenciesID=7ea5a7ac194733382b1d7003a93249de StaticDependenciesID=e3171c650b8f3d5186cf086932611fe7 
Number of updated asset objects reloaded before import = 0Number of asset objects unloaded after import = 61

========================================================================
Received Import Request.
  Time since last request: 17.151924 seconds.
  path: Assets/Rendering/PostProcessVolume.asset
  importAddress: Guid(3015cca3ee7cb4049aa1b45cb14b9bed) Importer(815301076,1909f56bfc062723c751e8b465ee728b)
Start importing Assets/Rendering/PostProcessVolume.asset using Guid(3015cca3ee7cb4049aa1b45cb14b9bed) Importer(815301076,1909f56bfc062723c751e8b465ee728b) (PreviewImporter) -> (Import Result ID: '0a2b119e5e1757c813938d7597cb3a1b') in 0.0064935 seconds [static and dynamic dependencies]. Details - ImportResultOutputID=eb963d22a5f783f56b5f35aa722ff060 DependenciesID=5314679813de20377bb7c32dcf614cbc StaticDependenciesID=e069cdc0911772760dee96a8990abc6a 
Number of updated asset objects reloaded before import = 0Number of asset objects unloaded after import = 4

========================================================================
Received Import Request.
  Time since last request: 0.000015 seconds.
  path: Assets/Rendering/Universal Render Pipeline Asset_Renderer.asset
  importAddress: Guid(3cd71fba6c9731045991cc8e58e233e4) Importer(815301076,1909f56bfc062723c751e8b465ee728b)
Start importing Assets/Rendering/Universal Render Pipeline Asset_Renderer.asset using Guid(3cd71fba6c9731045991cc8e58e233e4) Importer(815301076,1909f56bfc062723c751e8b465ee728b) (PreviewImporter) -> (Import Result ID: 'f3a604fcc7bca0c6a1ec540075298307') in 0.0031711 seconds [static and dynamic dependencies]. Details - ImportResultOutputID=7dd46507befcfe93f6c0ed535d3181d4 DependenciesID=cf2bac34fd19f829a95873e1e99984a2 StaticDependenciesID=14b609c8372b30006947ced84edc9f8a 
Number of updated asset objects reloaded before import = 0Number of asset objects unloaded after import = 1

========================================================================
Received Import Request.
  Time since last request: 2.711753 seconds.
  path: Assets/Settings/DefaultVolumeProfile.asset
  importAddress: Guid(20437ca50174cba4e99bc24758e22d1c) Importer(815301076,1909f56bfc062723c751e8b465ee728b)
Start importing Assets/Settings/DefaultVolumeProfile.asset using Guid(20437ca50174cba4e99bc24758e22d1c) Importer(815301076,1909f56bfc062723c751e8b465ee728b) (PreviewImporter) -> (Import Result ID: '3669cee255e6d7f1076a8fa0fb6d67c9') in 0.0012775 seconds [static and dynamic dependencies]. Details - ImportResultOutputID=d55677c8bfd03c0f5415b53e296c1702 DependenciesID=8bc67262b5f40131dcac435b6a91b190 StaticDependenciesID=a244eb18a6be15f95232f28aeccac491 
Number of updated asset objects reloaded before import = 0Number of asset objects unloaded after import = 0

========================================================================
Received Import Request.
  Time since last request: 0.000015 seconds.
  path: Assets/Settings/URP_ForwardRenderer.asset
  importAddress: Guid(1649bdc92ded20b47b6b1afd784b8320) Importer(815301076,1909f56bfc062723c751e8b465ee728b)
Start importing Assets/Settings/URP_ForwardRenderer.asset using Guid(1649bdc92ded20b47b6b1afd784b8320) Importer(815301076,1909f56bfc062723c751e8b465ee728b) (PreviewImporter) -> (Import Result ID: 'bc33c6e22cb55ff5348e0ec808931bda') in 0.0008974 seconds [static and dynamic dependencies]. Details - ImportResultOutputID=16278b1f686b5df91f1701b1f7b40d66 DependenciesID=2a0ce6d58e2825dea85b22609361ff6f StaticDependenciesID=a630768bf5c94044a50ec8e7ac7765e8 
Number of updated asset objects reloaded before import = 0Number of asset objects unloaded after import = 0

========================================================================
Received Import Request.
  Time since last request: 0.000011 seconds.
  path: Assets/Settings/URP_PipelineAsset.asset
  importAddress: Guid(665072d3994004544bb27f2c5fca09c4) Importer(815301076,1909f56bfc062723c751e8b465ee728b)
Start importing Assets/Settings/URP_PipelineAsset.asset using Guid(665072d3994004544bb27f2c5fca09c4) Importer(815301076,1909f56bfc062723c751e8b465ee728b) (PreviewImporter) -> (Import Result ID: '5c708277d4bdba1078cbd680033aae05') in 0.0008422 seconds [static and dynamic dependencies]. Details - ImportResultOutputID=15512b666b46e2494081cac8fbb9ec92 DependenciesID=2b66524703d18cd5d9696047a47eadae StaticDependenciesID=9a723008a62c1cfdd6be824df2d949e9 
Number of updated asset objects reloaded before import = 0Number of asset objects unloaded after import = 0

========================================================================
Received Import Request.
  Time since last request: 2.284032 seconds.
  path: Assets/Tiles/cloud.asset
  importAddress: Guid(216e1d3fb32f7bc48a7a754adcfca76f) Importer(815301076,1909f56bfc062723c751e8b465ee728b)
Start importing Assets/Tiles/cloud.asset using Guid(216e1d3fb32f7bc48a7a754adcfca76f) Importer(815301076,1909f56bfc062723c751e8b465ee728b) (PreviewImporter) -> (Import Result ID: 'e7860a90d9113c97f32dddf96e61c6df') in 0.0131711 seconds [static and dynamic dependencies]. Details - ImportResultOutputID=1571696ea9cfe40eb664e77086f21281 DependenciesID=89b27aeba902da161eb0d6eadd10e27e StaticDependenciesID=d4289ac09c32cb0ce87693a12a09f5a8 
Number of updated asset objects reloaded before import = 0Number of asset objects unloaded after import = 3

========================================================================
Received Import Request.
  Time since last request: 0.000016 seconds.
  path: Assets/Tiles/Middleground.asset
  importAddress: Guid(335fa9c18a254074b95afe34b55e9d7e) Importer(815301076,1909f56bfc062723c751e8b465ee728b)
Start importing Assets/Tiles/Middleground.asset using Guid(335fa9c18a254074b95afe34b55e9d7e) Importer(815301076,1909f56bfc062723c751e8b465ee728b) (PreviewImporter) -> (Import Result ID: 'a35d9f748c5b17f5b0ef4d6d98e8df3f') in 0.0105188 seconds [static and dynamic dependencies]. Details - ImportResultOutputID=5ed6683823641b10262298e248ae5042 DependenciesID=147ad8eb5c6fa44614fef354bbb58089 StaticDependenciesID=7fa8c537be7dbb0ce96c359226d27dbe 
Number of updated asset objects reloaded before import = 0Number of asset objects unloaded after import = 3

========================================================================
Received Import Request.
  Time since last request: 0.000016 seconds.
  path: Assets/Tiles/mountains.asset
  importAddress: Guid(17d8f745a300ff948ac10cceb364a2dc) Importer(815301076,1909f56bfc062723c751e8b465ee728b)
Start importing Assets/Tiles/mountains.asset using Guid(17d8f745a300ff948ac10cceb364a2dc) Importer(815301076,1909f56bfc062723c751e8b465ee728b) (PreviewImporter) -> (Import Result ID: '9cbc53bd08844f1bb0ce52bb3b42281a') in 0.0087223 seconds [static and dynamic dependencies]. Details - ImportResultOutputID=874f12f20f6d908394d4a2ac3c4c7634 DependenciesID=f95b2e5b6aafb26e4f93346f57d5197e StaticDependenciesID=f62b9343132281506d83d709d8a265a2 
Number of updated asset objects reloaded before import = 0Number of asset objects unloaded after import = 3

========================================================================
Received Import Request.
  Time since last request: 0.000015 seconds.
  path: Assets/Tiles/TallBuilding.asset
  importAddress: Guid(49ad221d69f75804d98336ca8956e57e) Importer(815301076,1909f56bfc062723c751e8b465ee728b)
Start importing Assets/Tiles/TallBuilding.asset using Guid(49ad221d69f75804d98336ca8956e57e) Importer(815301076,1909f56bfc062723c751e8b465ee728b) (PreviewImporter) -> (Import Result ID: 'e5709ed35f5efa3082f1674b35675bcd') in 0.0107056 seconds [static and dynamic dependencies]. Details - ImportResultOutputID=ee136a49739f02ce68aad21dac736954 DependenciesID=410f2e206abd5f9cb12d7f6c3e6facb3 StaticDependenciesID=adc8f379709f76843d3b10579edd857e 
Number of updated asset objects reloaded before import = 0Number of asset objects unloaded after import = 3

========================================================================
Received Import Request.
  Time since last request: 0.000017 seconds.
  path: Assets/Tiles/TileGroundDark.asset
  importAddress: Guid(81d566c374d6f93469d3badfddb41f87) Importer(815301076,1909f56bfc062723c751e8b465ee728b)
Start importing Assets/Tiles/TileGroundDark.asset using Guid(81d566c374d6f93469d3badfddb41f87) Importer(815301076,1909f56bfc062723c751e8b465ee728b) (PreviewImporter) -> (Import Result ID: 'a2812feadfcef2e2251c00d6241c1c35') in 0.0100717 seconds [static and dynamic dependencies]. Details - ImportResultOutputID=36638b0005c2ba7e35cb094bec1a4984 DependenciesID=9c7f8fbf7a37ba6965dc622e42a1cc0a StaticDependenciesID=c22f301fa1a05ff289412b81cf02ebab 
Number of updated asset objects reloaded before import = 0Number of asset objects unloaded after import = 3

========================================================================
Received Import Request.
  Time since last request: 0.000022 seconds.
  path: Assets/Tiles/Middleground1.asset
  importAddress: Guid(7ba2912366b9c8c4ea35eccb426d91d1) Importer(815301076,1909f56bfc062723c751e8b465ee728b)
Start importing Assets/Tiles/Middleground1.asset using Guid(7ba2912366b9c8c4ea35eccb426d91d1) Importer(815301076,1909f56bfc062723c751e8b465ee728b) (PreviewImporter) -> (Import Result ID: 'fa5012965297a8065329f757a111f645') in 0.009867 seconds [static and dynamic dependencies]. Details - ImportResultOutputID=600a4a7cd96ead3cea2f0e747dc136cd DependenciesID=ddfb20980533b1595327f65f7058fe50 StaticDependenciesID=b7d643570177ba505e6ffb7178fdca8a 
Number of updated asset objects reloaded before import = 0Number of asset objects unloaded after import = 3

========================================================================
Received Import Request.
  Time since last request: 0.000016 seconds.
  path: Assets/Tiles/plant.asset
  importAddress: Guid(ca038d30e63673a458203d4a31573d95) Importer(815301076,1909f56bfc062723c751e8b465ee728b)
Start importing Assets/Tiles/plant.asset using Guid(ca038d30e63673a458203d4a31573d95) Importer(815301076,1909f56bfc062723c751e8b465ee728b) (PreviewImporter) -> (Import Result ID: '8f5944a06fa3b432dc6e08d82d8855d2') in 0.0104674 seconds [static and dynamic dependencies]. Details - ImportResultOutputID=4194aeea825df6eba65f1897dd7507db DependenciesID=8f0e51897f7c4943f3bdf5a6248c454b StaticDependenciesID=aca1e48ef36fd9e5c8fe38f064f59b90 
Number of updated asset objects reloaded before import = 0Number of asset objects unloaded after import = 3

========================================================================
Received Import Request.
  Time since last request: 0.000013 seconds.
  path: Assets/Tiles/TileFloatingRightEdge.asset
  importAddress: Guid(ad89c8596ddf81949990df9a40c0168a) Importer(815301076,1909f56bfc062723c751e8b465ee728b)
Start importing Assets/Tiles/TileFloatingRightEdge.asset using Guid(ad89c8596ddf81949990df9a40c0168a) Importer(815301076,1909f56bfc062723c751e8b465ee728b) (PreviewImporter) -> (Import Result ID: '5174ebb456475f4f76ca9f04d0730c5d') in 0.0106284 seconds [static and dynamic dependencies]. Details - ImportResultOutputID=3d7bdcea576e85b68eea42e34b7b256e DependenciesID=045349653dd7fbbcb51ff4878cd6e3c8 StaticDependenciesID=4170f9c640286188c46933fc087c32fc 
Number of updated asset objects reloaded before import = 0Number of asset objects unloaded after import = 3

========================================================================
Received Import Request.
  Time since last request: 0.000017 seconds.
  path: Assets/Tiles/house.asset
  importAddress: Guid(68c5f18a4f480364ea8365252912ecee) Importer(815301076,1909f56bfc062723c751e8b465ee728b)
Start importing Assets/Tiles/house.asset using Guid(68c5f18a4f480364ea8365252912ecee) Importer(815301076,1909f56bfc062723c751e8b465ee728b) (PreviewImporter) -> (Import Result ID: 'a9439dfa42d4d1a013b854973682eadf') in 0.0116416 seconds [static and dynamic dependencies]. Details - ImportResultOutputID=7a652414db88c64b8a52d95de47bf6fe DependenciesID=3276b364ad8bb862cdf85352011f286a StaticDependenciesID=c7a9d1facaa8e23917b9e0fd621d4069 
Number of updated asset objects reloaded before import = 0Number of asset objects unloaded after import = 3

========================================================================
Received Import Request.
  Time since last request: 0.000016 seconds.
  path: Assets/Tiles/TileFloatingTileMiddle.asset
  importAddress: Guid(fcbf1d913bd6d0a448fa221caa416d43) Importer(815301076,1909f56bfc062723c751e8b465ee728b)
Start importing Assets/Tiles/TileFloatingTileMiddle.asset using Guid(fcbf1d913bd6d0a448fa221caa416d43) Importer(815301076,1909f56bfc062723c751e8b465ee728b) (PreviewImporter) -> (Import Result ID: '60df1e95218a50f83d58cbd37d7ce10c') in 0.0097712 seconds [static and dynamic dependencies]. Details - ImportResultOutputID=08f2de5eecbedd55c590f503eb28aa74 DependenciesID=1b14df77f299f27eadfcc9a240680406 StaticDependenciesID=4e4dac2ef457b84e7df9114ffd506b8a 
Number of updated asset objects reloaded before import = 0Number of asset objects unloaded after import = 3

========================================================================
Received Import Request.
  Time since last request: 5.451400 seconds.
  path: Assets/Tutorials/TutorialContainer.asset
  importAddress: Guid(977fb762f450240fd9006b8153a0f534) Importer(815301076,1909f56bfc062723c751e8b465ee728b)
Start importing Assets/Tutorials/TutorialContainer.asset using Guid(977fb762f450240fd9006b8153a0f534) Importer(815301076,1909f56bfc062723c751e8b465ee728b) (PreviewImporter) -> (Import Result ID: '6017a58e01111e4ef46e76dd2868bd4e') in 0.2771637 seconds [static and dynamic dependencies]. Details - ImportResultOutputID=6d439eb491f582b911bb03d9cfa35aa0 DependenciesID=0dd897fb35805749fd88c31668fc4c48 StaticDependenciesID=81d4ab679c414cf9303d8fa20e0824c2 
Number of updated asset objects reloaded before import = 0Number of asset objects unloaded after import = 142

========================================================================
Received Import Request.
  Time since last request: 0.000032 seconds.
  path: Assets/Tutorials/WelcomeDialog.asset
  importAddress: Guid(c4fddd74b608848c6871b3b0f762ff1d) Importer(815301076,1909f56bfc062723c751e8b465ee728b)
Start importing Assets/Tutorials/WelcomeDialog.asset using Guid(c4fddd74b608848c6871b3b0f762ff1d) Importer(815301076,1909f56bfc062723c751e8b465ee728b) (PreviewImporter) -> (Import Result ID: 'c085699653b2b12142ff496d9d2d4b6f') in 0.0571507 seconds [static and dynamic dependencies]. Details - ImportResultOutputID=577e448c475ec2834ee2b994191b7b73 DependenciesID=7c428abe3765c77140840219027ef2ae StaticDependenciesID=f62f1c39040d3a0f5c2b2f0f69872726 
Number of updated asset objects reloaded before import = 0Number of asset objects unloaded after import = 138

========================================================================
Received Import Request.
  Time since last request: 0.098117 seconds.
  path: Assets/Video/CutSceneWithSound.mp4
  importAddress: Guid(18e26752a30e05d428a1740f9135db8f) Importer(815301076,1909f56bfc062723c751e8b465ee728b)
Start importing Assets/Video/CutSceneWithSound.mp4 using Guid(18e26752a30e05d428a1740f9135db8f) Importer(815301076,1909f56bfc062723c751e8b465ee728b) (PreviewImporter) -> (Import Result ID: 'fb53cdefa089f816211207342e1e8eb9') in 0.0010572 seconds [static and dynamic dependencies]. Details - ImportResultOutputID=682c285f9ea863c9f684432a0c520a78 DependenciesID=c8aa19b48c0da8efd99cb5c569174cd4 StaticDependenciesID=fb20879d4accdbc8cab086457a27824d 
Number of updated asset objects reloaded before import = 0Number of asset objects unloaded after import = 1

========================================================================
Received Import Request.
  Time since last request: 2011.154358 seconds.
  path: Packages/com.unity.render-pipelines.universal/Runtime/Materials/ParticlesUnlit.mat
  importAddress: Guid(e823cd5b5d27c0f4b8256e7c12ee3e6d) Importer(815301076,1909f56bfc062723c751e8b465ee728b)
Start importing Packages/com.unity.render-pipelines.universal/Runtime/Materials/ParticlesUnlit.mat using Guid(e823cd5b5d27c0f4b8256e7c12ee3e6d) Importer(815301076,1909f56bfc062723c751e8b465ee728b) (PreviewImporter) -> (Import Result ID: '5f6603c8f199785a87292a1e58e5cb01') in 0.0475883 seconds [static and dynamic dependencies]. Details - ImportResultOutputID=510c785fbb4e8828a5cdd05ad7211fc8 DependenciesID=749e22965bcfcbaddcd60d64cfc08652 StaticDependenciesID=b95e24a66bfae25bc7e458a85efa17b1 
Number of updated asset objects reloaded before import = 0Number of asset objects unloaded after import = 0

========================================================================
Received Import Request.
  Time since last request: 83.754613 seconds.
  path: Assets/Scenes/Scene_1.unity
  importAddress: Guid(2cda990e2423bbf4892e6590ba056729) Importer(2089858483,b0f066a214c2f5e87bad3c948f4d605d)
Start importing Assets/Scenes/Scene_1.unity using Guid(2cda990e2423bbf4892e6590ba056729) Importer(2089858483,b0f066a214c2f5e87bad3c948f4d605d) (ScriptedImporter) -> (Import Result ID: 'aef227605a0fa735ba657e772c162d4d') in 0.0160347 seconds [static and dynamic dependencies]. Details - ImportResultOutputID=5f837a4c3ababf71734d63b6f341ddba DependenciesID=26e976fa8514dfc7d5480d3a3890bd3a StaticDependenciesID=a347474b386ec9f320350604647b7160 
Number of updated asset objects reloaded before import = 0Number of asset objects unloaded after import = 1

